title,description,price,phone,location,date,channel,post_link,product_ref,scraped_at
iPhone 13,Brand new iPhone 13 with warranty,15000,+251911223344,Addis Ababa,2025-10-11 00:42:08,@test_channel_1,https://t.me/test/1,test_001,2025-10-11 00:42:08
Samsung Galaxy,Samsung Galaxy S21 excellent condition,12000,+251922334455,Dire Dawa,2025-10-10 23:42:08,@test_channel_2,https://t.me/test/2,test_002,2025-10-11 00:42:08
MacBook Pro,MacBook Pro 2022 16GB RAM,35000,+251933445566,Hawassa,2025-10-10 22:42:08,@test_channel_1,https://t.me/test/3,test_003,2025-10-11 00:42:08
Test Product,Test product for S3 verification,5000,+251944556677,Adama,2025-10-10 21:42:08,@test_channel_3,https://t.me/test/4,test_004,2025-10-11 00:42:08
ğŸ‡**Mullein Leaf Tea BenefitsğŸ‡** **Mullein Leaf Tea Benefits** If youâ€™re seeking a natural remedy to ,"ğŸ‡**Mullein Leaf Tea BenefitsğŸ‡** **Mullein Leaf Tea Benefits** If youâ€™re seeking a natural remedy to enhance your health, consider indulging in mullein leaf tea. This herbal infusion, derived from the leaves of the mullein plant, is renowned for its medicinal properties and nutritional richness. From respiratory support to skin health, mullein leaf tea offers a plethora of advantages. Letâ€™s explore why incorporating mullein leaf tea into your daily routine can be a beneficial choice for your well-being. â˜˜ï¸Respiratory Support â˜˜ï¸Anti-inflammatory Properties â˜˜ï¸Relief from Digestive Issues â˜˜ï¸Pain Management â˜˜ï¸Skin Health â˜˜ï¸Supports Heart Health â˜˜ï¸â˜˜ï¸**PRICE 8000 â˜˜ï¸â˜˜ï¸SIZE 120Tea Bags ** ** ** ğŸ“á‰  **0911410443** á‹­á‹°á‹áˆ‰áˆáŠ•t! ğŸŒºğŸŒº**Address: Dembel City Center 1st flor , Shop No. 124ğŸŒºğŸŒº** â˜˜ï¸unlock_your_natural_beautyâ˜˜ï¸w",8000,0911410443,"**Address: Dembel City Center 1st flor , Shop No. 124ğŸŒºğŸŒº**",2025-10-09 14:33:10,@samia_s,https://t.me/Yetal_Search/1310,1310,2025-10-11 06:27:00
ğŸ‡**Raspberry Leaf TeağŸ‡** â˜˜ï¸ RASPBERRY LEAF TEA BAGS WITH HEALTH BENEFITS: Raspberry is renowned for ,"ğŸ‡**Raspberry Leaf TeağŸ‡** â˜˜ï¸ RASPBERRY LEAF TEA BAGS WITH HEALTH BENEFITS: Raspberry is renowned for its high levels of antioxidants. â˜˜ï¸ 100% PURE FROM DRIED RASPBERRY LEAVES: We offer this herb tea in pure, No Blend, No Mix. â˜˜ï¸ A SUSTAINABLE FARMING TO SUPPORT COMMUNITY: Our experienced farmers adopt methods that minimize the environmental impact of agriculture. â˜˜ï¸ RASPBERRY TEA BAS MADE BY A HAND-MADE PROCESS: Raspberry leavess are picked at their flavorful/colorful peak and naturally sun-dried to perfection. â˜˜ï¸ BIODEGRADABLE TEA BAG - NATURAL MATERIAL: Our tea bags are thoughtfully crafted using biodegradable materials, allowing you to enjoy your favorite brew while minimizing your ecological footprint. â˜˜ï¸â˜˜ï¸**PRICE 8000 â˜˜ï¸â˜˜ï¸SIZE 135 Tea Bags ** ** ** ğŸ“á‰  **0911410443** á‹­á‹°á‹áˆ‰áˆáŠ•t! ğŸŒºğŸŒº**Address: Dembel City Center 1st flor , Shop No. 124ğŸŒºğŸŒº** â˜˜ï¸unlock_your_natural_beautyâ˜˜ï¸",8000,0911410443,"**Address: Dembel City Center 1st flor , Shop No. 124ğŸŒºğŸŒº**",2025-10-09 14:33:10,@samia_s,https://t.me/Yetal_Search/1304,1304,2025-10-11 06:27:00
"ğŸ‡Evening Time Detox Tea** ğŸ‡** FreshDrinkUS Evening Time Detox"" is an herbal tea blend designed for n","ğŸ‡Evening Time Detox Tea** ğŸ‡** FreshDrinkUS Evening Time Detox"" is an herbal tea blend designed for nighttime use, containing ingredients like Senna, peppermint, chamomile, licorice, and ginger, which are traditionally used for relaxation and digestion. it is a caffeine-free, non-GMO, and natural product that supports body balance and a restful night's sleep â˜˜ï¸â˜˜ï¸**PRICE 5500 â˜˜ï¸â˜˜ï¸SIZE 30 Tea Bags ** ** ** ğŸ“á‰  **0911410443** á‹­á‹°á‹áˆ‰áˆáŠ•t! ğŸŒºğŸŒº**Address: Dembel City Center 1st flor , Shop No. 124ğŸŒºğŸŒº** â˜˜ï¸unlock_your_natural_beautyâ˜˜ï¸",5500,0911410443,"**Address: Dembel City Center 1st flor , Shop No. 124ğŸŒºğŸŒº**",2025-10-09 14:33:08,@samia_s,https://t.me/Yetal_Search/1298,1298,2025-10-11 06:27:00
ğŸ‡**Chromium Picolinate ğŸ‡** **Chromium picolinate** is a mineral supplement that may support blood su,"ğŸ‡**Chromium Picolinate ğŸ‡** **Chromium picolinate** is a mineral supplement that may support blood sugar control and insulin sensitivity, and potentially improve cholesterol levels. It is also sometimes used to assist with weight loss, reduce cravings, and **may have benefits for metabolic syndrome and Polycystic Ovary Syndrome (PCOS).** However, most people can get enough chromium from their diet, and more research is needed to confirm the extent of its benefits for these conditions. â˜˜ï¸â˜˜ï¸**PRICE 3500 â˜˜ï¸â˜˜ï¸SIZE 240 Tablets** ** ** ğŸ“á‰  **0911410443** á‹­á‹°á‹áˆ‰áˆáŠ•t! ğŸŒºğŸŒº**Address: Dembel City Center 1st flor , Shop No. 124ğŸŒºğŸŒº** â˜˜ï¸unlock_your_natural_beautyâ˜˜ï¸",3500,0911410443,"**Address: Dembel City Center 1st flor , Shop No. 124ğŸŒºğŸŒº**",2025-10-09 14:33:08,@samia_s,https://t.me/Yetal_Search/1293,1293,2025-10-11 06:27:00
"ğŸ‡**Bioactive milk peptides ğŸ‡** Bioactive milk peptides offer a wide range of health benefits, includ","ğŸ‡**Bioactive milk peptides ğŸ‡** Bioactive milk peptides offer a wide range of health benefits, including improving cardiovascular health, lowering blood pressure, and acting as antioxidants. They also contribute to better gut health with anti-microbial and digestive effects, and support the immune system through immunomodulatory actions. Additionally, these peptides are noted for their potential in stress and sleep management, helping with relaxation and promoting restful sleep patterns. Further benefits include potential anti-cancer properties and improvements in bone and metabolic health, with potential roles in regulating blood glucose levels â˜˜ï¸â˜˜ï¸**PRICE 4500 â˜˜ï¸â˜˜ï¸SIZE 30 **Capsules ** ** ğŸ“á‰  **0911410443** á‹­á‹°á‹áˆ‰áˆáŠ•t! ğŸŒºğŸŒº**Address: Dembel City Center 1st flor , Shop No. 124ğŸŒºğŸŒº** â˜˜ï¸unlock_your_natural_beautyâ˜˜ï¸",4500,0911410443,"**Address: Dembel City Center 1st flor , Shop No. 124ğŸŒºğŸŒº**",2025-10-09 14:33:06,@samia_s,https://t.me/Yetal_Search/1288,1288,2025-10-11 06:27:00
ğŸ‡**Swanson L-Tyrosine ** **ğŸ‡** Help support a healthy mind by feeding your brain Swanson L-Tyrosine!,"ğŸ‡**Swanson L-Tyrosine ** **ğŸ‡** Help support a healthy mind by feeding your brain Swanson L-Tyrosine! A key component of vital brain chemicals, L-tyrosine plays an important role in maintaining healthy mental function. L-tyrosine supports the production of the neurotransmitters norepinephrine and dopamine, both of which may be depleted by stress. Supplementing with L-tyrosine can help restore feelings of focus and mental alertness. â˜˜ï¸â˜˜ï¸**PRICE 5000 â˜˜ï¸â˜˜ï¸SIZE 100 **Capsules ** ** ğŸ“á‰  **0911410443** á‹­á‹°á‹áˆ‰áˆáŠ•t! ğŸŒºğŸŒº**Address: Dembel City Center 1st flor , Shop No. 124ğŸŒºğŸŒº** â˜˜ï¸unlock_your_natural_beautyâ˜˜ï¸",5000,0911410443,"**Address: Dembel City Center 1st flor , Shop No. 124ğŸŒºğŸŒº**",2025-10-09 14:33:06,@samia_s,https://t.me/Yetal_Search/1286,1286,2025-10-11 06:27:00
ğŸ‡**N-acetylcysteine (NAC) ** **ğŸ‡** **Nutricost's NAC supplement uses the N-acetylcysteine (NAC) **in,"ğŸ‡**N-acetylcysteine (NAC) ** **ğŸ‡** **Nutricost's NAC supplement uses the N-acetylcysteine (NAC) **ingredient to provide powerful antioxidant and anti-inflammatory benefits, supporting cellular health by increasing glutathione production to neutralize free radicals. Users take Nutricost NAC for general health support, including immune function, as well as for specific uses such as reducing mucus in lung conditions, supporting detoxification and liver health, and helping with symptoms of certain mental health disorders like OCD and depression. â˜˜ï¸â˜˜ï¸**PRICE 5000 â˜˜ï¸â˜˜ï¸SIZE 120 **Capsules ** ** ğŸ“á‰  **0911410443** á‹­á‹°á‹áˆ‰áˆáŠ•t! ğŸŒºğŸŒº**Address: Dembel City Center 1st flor , Shop No. 124ğŸŒºğŸŒº** â˜˜ï¸unlock_your_natural_beautyâ˜˜ï¸",5000,0911410443,"**Address: Dembel City Center 1st flor , Shop No. 124ğŸŒºğŸŒº**",2025-10-09 14:33:05,@samia_s,https://t.me/Yetal_Search/1282,1282,2025-10-11 06:27:00
ğŸ‡**KERILL OIL** **ğŸ‡** Micro Ingredients Antarctic Krill Oil with Omega 3- 300 softgels Krill oil ben,"ğŸ‡**KERILL OIL** **ğŸ‡** Micro Ingredients Antarctic Krill Oil with Omega 3- 300 softgels Krill oil benefits include supporting heart and brain health, its potent anti-inflammatory and antioxidant properties, and potential relief from premenstrual syndrome (PMS) symptoms and dry eyes. Rich in omega-3s (EPA and DHA), the phospholipid structure of krill oil offers high bioavailability, while its natural astaxanthin provides antioxidant and anti-inflammatory effects that may improve [cholesterol levels](https://www.google.com/search?sca_esv=6d56a4b81d83c992&rlz=1CDGOYI_enET1076ET1076&hl=en-US&cs=0&sxsrf=AE3TifNOiBTXicTw5KFjaQR0JHn2L0MiBg%3A1759738597579&q=cholesterol+levels&sa=X&ved=2ahUKEwjEiYePkY-QAxXcQ6QEHYDQKWwQxccNegQIBRAB&mstk=AUtExfCc9bjFEfEZ0blLqazTFwMa52kgA95LF8igz7HsX6bKQfyRYtMl-77rIMI5HjsuR10ELYTMu-h3NS7PKcfUjV7o_Vkl0xCEdQfy82QUV4NqmHcg7yozR_v8t3Ngejb9-C2s2M0H3L-9YnXWIejAUsg_WpkzxLS7uuoupSXDk4m-Lrn6yK08KlEKDxJnJoPMVHgWDjCnOIk-mQCdb04kMJfyYS_x7KIXwokm11BjfuSdrSv4LEqwlqbRDko-Rk7R9wmMs8K4YnTeprwvZ0yU0cVr&csui=3) and protect against cell damage. â˜˜ï¸â˜˜ï¸**PRICE 10,500 â˜˜ï¸â˜˜ï¸SIZE 300 softgels ** ğŸ“á‰  **0911410443** á‹­á‹°á‹áˆ‰áˆáŠ•t! ğŸŒºğŸŒº**Address: Dembel City Center 1st flor , Shop No. 124ğŸŒºğŸŒº** â˜˜ï¸unlock_your_natural_beautyâ˜˜ï¸",10500,0911410443,"**Address: Dembel City Center 1st flor , Shop No. 124ğŸŒºğŸŒº**",2025-10-09 14:33:04,@samia_s,https://t.me/Yetal_Search/1278,1278,2025-10-11 06:27:00
"ğŸ‡**Glutathione 500 mgğŸ‡** ** **NOW Foods Supplements, Glutathione 500 mg, With Milk Thistle Extract &","ğŸ‡**Glutathione 500 mgğŸ‡** ** **NOW Foods Supplements, Glutathione 500 mg, With Milk Thistle Extract & Alpha Lipoic Acid, Free Radical Neutralizer*, 60 Veg Capsules â˜˜ï¸â˜˜ï¸**PRICE â˜˜ï¸â˜˜ï¸SIZE 60** **Capsule** ** ** ğŸ“á‰  **0911410443** á‹­á‹°á‹áˆ‰áˆáŠ•t! ğŸŒºğŸŒº**Address: Dembel City Center 1st flor , Shop No. 124ğŸŒºğŸŒº** â˜˜ï¸unlock_your_natural_beautyâ˜˜ï¸",,0911410443,"**Address: Dembel City Center 1st flor , Shop No. 124ğŸŒºğŸŒº**",2025-10-09 14:33:04,@samia_s,https://t.me/Yetal_Search/1275,1275,2025-10-11 06:27:00
ğŸ‡**Montale Chocolate Greedy ğŸ‡** ** **Lovers of gourmand fragrances will delight at the smell of the ,"ğŸ‡**Montale Chocolate Greedy ğŸ‡** ** **Lovers of gourmand fragrances will delight at the smell of the Chocolate Greedy eau de parfum from Montale. With each spray, you'll immerse yourself in a mouth-watering world of orange, cacao cream and vanilla â€“ essentially, you'll be presented with the perfect opportunity to smell like your favourite pleasure: a rich, ganache-filled truffle. â˜˜ï¸â˜˜ï¸**PRICE â˜˜ï¸â˜˜ï¸SIZE 100 ML ** ğŸ“á‰  **0911410443** á‹­á‹°á‹áˆ‰áˆáŠ•t! ğŸŒºğŸŒº**Address: Dembel City Center 1st flor , Shop No. 124ğŸŒºğŸŒº** â˜˜ï¸unlock_your_natural_beautyâ˜˜ï¸",,0911410443,"**Address: Dembel City Center 1st flor , Shop No. 124ğŸŒºğŸŒº**",2025-10-09 14:33:03,@samia_s,https://t.me/Yetal_Search/1272,1272,2025-10-11 06:27:00
ğŸ‡**Montale Intense Cafe ğŸ‡** ** **Montale's Intense Cafe opens with a perfect waft of fresh brewing c,"ğŸ‡**Montale Intense Cafe ğŸ‡** ** **Montale's Intense Cafe opens with a perfect waft of fresh brewing coffee that will take your breath away. The flourish of coffee bean is paired with a fresh, vegetal rose. The two combine for an unexpectedly dry and refreshing top note. As the coffee softens, a vanillic white musk emerges, slightly sweetening the brew with just a hint of cream and sugar. Even in the final ambery drydown the coffee remains as a rich and nutty presence. This addictive and surprising gourmand is suitable for both men and women, and is the perfect fix for the coffee addict in all of us. â˜˜ï¸â˜˜ï¸**PRICE â˜˜ï¸â˜˜ï¸SIZE 100 ML ** ğŸ“á‰  **0911410443** á‹­á‹°á‹áˆ‰áˆáŠ•t! ğŸŒºğŸŒº**Address: Dembel City Center 1st flor , Shop No. 124ğŸŒºğŸŒº** â˜˜ï¸unlock_your_natural_beautyâ˜˜ï¸",,0911410443,"**Address: Dembel City Center 1st flor , Shop No. 124ğŸŒºğŸŒº**",2025-10-09 14:33:03,@samia_s,https://t.me/Yetal_Search/1267,1267,2025-10-11 06:27:00
ğŸ‡**Montale Sweet Vanilla ğŸ‡** ** **Experience the perfectly balanced sweetness of vanilla. Let the no,"ğŸ‡**Montale Sweet Vanilla ğŸ‡** ** **Experience the perfectly balanced sweetness of vanilla. Let the notes of vanilla transport you to the land of miracles. Ride the wave of sweetness with the Montale Sweet Vanilla Unisex Eau de Parfum. This intense, powdery fragrance will appeal to both men and women, as the sweetness of vanilla is perfectly balanced with a subtle sharpness, giving you a mysterious edge. â˜˜ï¸â˜˜ï¸**PRICE â˜˜ï¸â˜˜ï¸SIZE 100 ML ** ğŸ“á‰  **0911410443** á‹­á‹°á‹áˆ‰áˆáŠ•t! ğŸŒºğŸŒº**Address: Dembel City Center 1st flor , Shop No. 124ğŸŒºğŸŒº** â˜˜ï¸unlock_your_natural_beautyâ˜˜ï¸",,0911410443,"**Address: Dembel City Center 1st flor , Shop No. 124ğŸŒºğŸŒº**",2025-10-09 14:33:01,@samia_s,https://t.me/Yetal_Search/1262,1262,2025-10-11 06:27:00
ğŸ‡ğŸ‡ğŸŒ¿**Restocked** ğŸŒ¿ğŸ‡ğŸ‡ ğŸ‡**Libre Vanille CoutureğŸ‡** â˜˜ï¸â˜˜ï¸â˜˜ï¸launched in **2025**â˜˜ï¸â˜˜ï¸â˜˜ï¸ ** Libre Vanille C,"ğŸ‡ğŸ‡ğŸŒ¿**Restocked** ğŸŒ¿ğŸ‡ğŸ‡ ğŸ‡**Libre Vanille CoutureğŸ‡** â˜˜ï¸â˜˜ï¸â˜˜ï¸launched in **2025**â˜˜ï¸â˜˜ï¸â˜˜ï¸ ** Libre Vanille Couture** by **Yves Saint Laurent** is an Oriental Vanilla fragrance for women. This is a new fragrance. **Libre Vanille Couture** was launched in 2025. â˜˜ï¸â˜˜ï¸**PRICE â˜˜ï¸â˜˜ï¸SIZE 50ML ** ğŸ“á‰  **0911410443** á‹­á‹°á‹áˆ‰áˆáŠ•t! ğŸŒºğŸŒº**Address: Dembel City Center 1st flor , Shop No. 124ğŸŒºğŸŒº** â˜˜ï¸unlock_your_natural_beautyâ˜˜ï¸",,0911410443,"**Address: Dembel City Center 1st flor , Shop No. 124ğŸŒºğŸŒº**",2025-10-09 14:33:01,@samia_s,https://t.me/Yetal_Search/1259,1259,2025-10-11 06:27:00
"ğŸ‡VASELINE __**ğŸ‡** __** â˜˜ï¸**Detail â˜˜ï¸Catch the light with golden, bronze shimmer. Unlock glowy, glimm","ğŸ‡VASELINE __**ğŸ‡** __** â˜˜ï¸**Detail â˜˜ï¸Catch the light with golden, bronze shimmer. Unlock glowy, glimmering skin without tanning your skin. â˜˜ï¸Benefits â˜˜ï¸Formulated with ultra hydrating lipids and 100% pure cocoa butter Makes skin glowy and glistening without the tint Addicting and irresistible warm vanilla and toasted cocoa butter fragrance â˜˜ï¸Unique gel oil texture glides easily onto skin and absorbs quickly, without a greasy feel â˜˜ï¸For the ultimate post shower body care routine, use after Vaseline Cocoa Radiant Lotion â˜˜ï¸â˜˜ï¸**PRICE 3,800 â˜˜ï¸â˜˜ï¸SIZE 200 ML ** ğŸ“á‰  **0911410443** á‹­á‹°á‹áˆ‰áˆáŠ•t! ğŸŒºğŸŒº**Address: Dembel City Center 1st flor , Shop No. 124ğŸŒºğŸŒº** â˜˜ï¸unlock_your_natural_beautyâ˜˜ï¸",3800,0911410443,"**Address: Dembel City Center 1st flor , Shop No. 124ğŸŒºğŸŒº**",2025-10-09 14:33:01,@samia_s,https://t.me/Yetal_Search/1257,1257,2025-10-11 06:27:00
"ğŸ‡**PHOERA Body Luminizer__ğŸ‡__**__ __** â˜˜ï¸**BENEFITS: Wrinkle Filler and skin tightener, makes skin l","ğŸ‡**PHOERA Body Luminizer__ğŸ‡__**__ __** â˜˜ï¸**BENEFITS: Wrinkle Filler and skin tightener, makes skin look like velvet perfection. Highlights, creates a subtle glow, enhances natural skin tone, a tan that lasts all night. Perfect for spray tans to enhance and even out skin. Diminishes flaws like varicose veins, small stretch marks and discoloration. â˜˜ï¸MOISTURIZING BODY MAKEUP: Natural oils, botanicals and a hydrating marine extract to enhance the elasticity, texture and vibrancy of skin. â˜˜ï¸NATURAL INGREDIENTS: Green Tea Extract, white Green Tea extract, Vitamin E, Aloe Vera, Jojoba Oil, Safflower Oil, Olive oil, Kalpariane and Brown Seaweed Extract. â˜˜ï¸FUNCTIONS: A liquid highlighter cream with illuminating pigments that adds light to the face for a glowing, dewy looking complexion. â˜˜ï¸HOW TO USE: Apply the highlight drops alone or add a drop into your favorite skincare. â˜˜ï¸â˜˜ï¸**PRICE 4000 â˜˜ï¸â˜˜ï¸SIZE 30ml ** ğŸ“á‰  **0911410443** á‹­á‹°á‹áˆ‰áˆáŠ•t! ğŸŒºğŸŒº**Address: Dembel City Center 1st flor , Shop No. 124ğŸŒºğŸŒº** â˜˜ï¸unlock_your_natural_beautyâ˜˜ï¸",4000,0911410443,"**Address: Dembel City Center 1st flor , Shop No. 124ğŸŒºğŸŒº**",2025-10-09 14:32:59,@samia_s,https://t.me/Yetal_Search/1251,1251,2025-10-11 06:27:00
ğŸ‡ğŸ‡ğŸ‡**Restocked** ğŸ‡ğŸ‡ğŸ‡ ğŸ‡**VAGINAL PROBIOTICS __ğŸ‡__**__ __** **VAGINAL PROBIOTICS FOR WOMEN - Our Our v,"ğŸ‡ğŸ‡ğŸ‡**Restocked** ğŸ‡ğŸ‡ğŸ‡ ğŸ‡**VAGINAL PROBIOTICS __ğŸ‡__**__ __** **VAGINAL PROBIOTICS FOR WOMEN - Our Our vaginal health gummies support your pH balance, immune defences and vaginal flora in a delicious way.Enjoy 60 Premium Feminine Balance Gummies In Each Pouch, Crafted For Your Daily Wellness.VivoNu Gummies Are Vegan, Gluten-Free And Halal.comprehensively enhance body immunity PREMIUM NATURAL INGREDIENTS - Provitalize for women,weâ€™ve condensed all the benefits of traditional feminine support supplements into a tasty, convenient form. Our premium women's balancing gummies offer a delicious way to support your pH balance, immune defense and vaginal flora FEMININE CARE: High quality female gummies are rich in vitamin C and high-quality probiotics, which can balance the body's pH value, promote a healthier guide microbiota, and promote a healthier, odor free vagina. â˜˜ï¸â˜˜ï¸**PRICE â˜˜ï¸â˜˜ï¸SIZE ** ğŸ“á‰  **0911410443** á‹­á‹°á‹áˆ‰áˆáŠ•t! ğŸŒºğŸŒº**Address: Dembel City Center 1st flor , Shop No. 124ğŸŒºğŸŒº** â˜˜ï¸unlock_your_natural_beautyâ˜˜ï¸",,0911410443,"**Address: Dembel City Center 1st flor , Shop No. 124ğŸŒºğŸŒº**",2025-10-09 14:32:59,@samia_s,https://t.me/Yetal_Search/1245,1245,2025-10-11 06:27:00
**ğŸŒº RESTOCKED** **ğŸŒº ** **FLUORIDE FREE WHITENING TOOTHPASTE WITH HYDROXYAPATITE - 1 PK **Say goodbye,"**ğŸŒº RESTOCKED** **ğŸŒº ** **FLUORIDE FREE WHITENING TOOTHPASTE WITH HYDROXYAPATITE - 1 PK **Say goodbye to surface stains and hello to a naturally brighter smile! This fluoride-free formula rebuilds enamel, tackles plaque and strengthens your teeth with the power of hydroxyapatite and natureâ€™s best ingredients for a fresh, clean feel. PRICE: ğŸ“á‰  **0911410443** á‹­á‹°á‹áˆ‰áˆáŠ•! ğŸŒºğŸŒº**Address: Dembel City Center 1st flor , Shop No. 124ğŸŒºğŸŒº** â˜˜ï¸unlock_your_natural_beautyâ˜˜ï¸",,0911410443,"**Address: Dembel City Center 1st flor , Shop No. 124ğŸŒºğŸŒº**",2025-10-09 14:32:59,@samia_s,https://t.me/Yetal_Search/1244,1244,2025-10-11 06:27:00
ğŸ‡**Mullein Leaf Tea BenefitsğŸ‡** **Mullein Leaf Tea Benefits** If youâ€™re seeking a natural remedy to ,"ğŸ‡**Mullein Leaf Tea BenefitsğŸ‡** **Mullein Leaf Tea Benefits** If youâ€™re seeking a natural remedy to enhance your health, consider indulging in mullein leaf tea. This herbal infusion, derived from the leaves of the mullein plant, is renowned for its medicinal properties and nutritional richness. From respiratory support to skin health, mullein leaf tea offers a plethora of advantages. Letâ€™s explore why incorporating mullein leaf tea into your daily routine can be a beneficial choice for your well-being. â˜˜ï¸Respiratory Support â˜˜ï¸Anti-inflammatory Properties â˜˜ï¸Relief from Digestive Issues â˜˜ï¸Pain Management â˜˜ï¸Skin Health â˜˜ï¸Supports Heart Health â˜˜ï¸â˜˜ï¸**PRICE 8000 â˜˜ï¸â˜˜ï¸SIZE 120Tea Bags ** ** ** ğŸ“á‰  **0911410443** á‹­á‹°á‹áˆ‰áˆáŠ•t! ğŸŒºğŸŒº**Address: Dembel City Center 1st flor , Shop No. 124ğŸŒºğŸŒº** â˜˜ï¸unlock_your_natural_beautyâ˜˜ï¸w",8000,0911410443,"**Address: Dembel City Center 1st flor , Shop No. 124ğŸŒºğŸŒº**",2025-10-09 12:42:13,@samia_s,https://t.me/Yetal_Search/1110,1110,2025-10-11 06:27:03
ğŸ‡**Raspberry Leaf TeağŸ‡** â˜˜ï¸ RASPBERRY LEAF TEA BAGS WITH HEALTH BENEFITS: Raspberry is renowned for ,"ğŸ‡**Raspberry Leaf TeağŸ‡** â˜˜ï¸ RASPBERRY LEAF TEA BAGS WITH HEALTH BENEFITS: Raspberry is renowned for its high levels of antioxidants. â˜˜ï¸ 100% PURE FROM DRIED RASPBERRY LEAVES: We offer this herb tea in pure, No Blend, No Mix. â˜˜ï¸ A SUSTAINABLE FARMING TO SUPPORT COMMUNITY: Our experienced farmers adopt methods that minimize the environmental impact of agriculture. â˜˜ï¸ RASPBERRY TEA BAS MADE BY A HAND-MADE PROCESS: Raspberry leavess are picked at their flavorful/colorful peak and naturally sun-dried to perfection. â˜˜ï¸ BIODEGRADABLE TEA BAG - NATURAL MATERIAL: Our tea bags are thoughtfully crafted using biodegradable materials, allowing you to enjoy your favorite brew while minimizing your ecological footprint. â˜˜ï¸â˜˜ï¸**PRICE 8000 â˜˜ï¸â˜˜ï¸SIZE 135 Tea Bags ** ** ** ğŸ“á‰  **0911410443** á‹­á‹°á‹áˆ‰áˆáŠ•t! ğŸŒºğŸŒº**Address: Dembel City Center 1st flor , Shop No. 124ğŸŒºğŸŒº** â˜˜ï¸unlock_your_natural_beautyâ˜˜ï¸",8000,0911410443,"**Address: Dembel City Center 1st flor , Shop No. 124ğŸŒºğŸŒº**",2025-10-09 12:42:13,@samia_s,https://t.me/Yetal_Search/1104,1104,2025-10-11 06:27:03
"ğŸ‡Evening Time Detox Tea** ğŸ‡** FreshDrinkUS Evening Time Detox"" is an herbal tea blend designed for n","ğŸ‡Evening Time Detox Tea** ğŸ‡** FreshDrinkUS Evening Time Detox"" is an herbal tea blend designed for nighttime use, containing ingredients like Senna, peppermint, chamomile, licorice, and ginger, which are traditionally used for relaxation and digestion. it is a caffeine-free, non-GMO, and natural product that supports body balance and a restful night's sleep â˜˜ï¸â˜˜ï¸**PRICE 5500 â˜˜ï¸â˜˜ï¸SIZE 30 Tea Bags ** ** ** ğŸ“á‰  **0911410443** á‹­á‹°á‹áˆ‰áˆáŠ•t! ğŸŒºğŸŒº**Address: Dembel City Center 1st flor , Shop No. 124ğŸŒºğŸŒº** â˜˜ï¸unlock_your_natural_beautyâ˜˜ï¸",5500,0911410443,"**Address: Dembel City Center 1st flor , Shop No. 124ğŸŒºğŸŒº**",2025-10-09 12:42:11,@samia_s,https://t.me/Yetal_Search/1098,1098,2025-10-11 06:27:03
ğŸ‡**Chromium Picolinate ğŸ‡** **Chromium picolinate** is a mineral supplement that may support blood su,"ğŸ‡**Chromium Picolinate ğŸ‡** **Chromium picolinate** is a mineral supplement that may support blood sugar control and insulin sensitivity, and potentially improve cholesterol levels. It is also sometimes used to assist with weight loss, reduce cravings, and **may have benefits for metabolic syndrome and Polycystic Ovary Syndrome (PCOS).** However, most people can get enough chromium from their diet, and more research is needed to confirm the extent of its benefits for these conditions. â˜˜ï¸â˜˜ï¸**PRICE 3500 â˜˜ï¸â˜˜ï¸SIZE 240 Tablets** ** ** ğŸ“á‰  **0911410443** á‹­á‹°á‹áˆ‰áˆáŠ•t! ğŸŒºğŸŒº**Address: Dembel City Center 1st flor , Shop No. 124ğŸŒºğŸŒº** â˜˜ï¸unlock_your_natural_beautyâ˜˜ï¸",3500,0911410443,"**Address: Dembel City Center 1st flor , Shop No. 124ğŸŒºğŸŒº**",2025-10-09 12:42:10,@samia_s,https://t.me/Yetal_Search/1093,1093,2025-10-11 06:27:03
"ğŸ‡**Bioactive milk peptides ğŸ‡** Bioactive milk peptides offer a wide range of health benefits, includ","ğŸ‡**Bioactive milk peptides ğŸ‡** Bioactive milk peptides offer a wide range of health benefits, including improving cardiovascular health, lowering blood pressure, and acting as antioxidants. They also contribute to better gut health with anti-microbial and digestive effects, and support the immune system through immunomodulatory actions. Additionally, these peptides are noted for their potential in stress and sleep management, helping with relaxation and promoting restful sleep patterns. Further benefits include potential anti-cancer properties and improvements in bone and metabolic health, with potential roles in regulating blood glucose levels â˜˜ï¸â˜˜ï¸**PRICE 4500 â˜˜ï¸â˜˜ï¸SIZE 30 **Capsules ** ** ğŸ“á‰  **0911410443** á‹­á‹°á‹áˆ‰áˆáŠ•t! ğŸŒºğŸŒº**Address: Dembel City Center 1st flor , Shop No. 124ğŸŒºğŸŒº** â˜˜ï¸unlock_your_natural_beautyâ˜˜ï¸",4500,0911410443,"**Address: Dembel City Center 1st flor , Shop No. 124ğŸŒºğŸŒº**",2025-10-09 12:42:10,@samia_s,https://t.me/Yetal_Search/1088,1088,2025-10-11 06:27:03
ğŸ‡**Swanson L-Tyrosine ** **ğŸ‡** Help support a healthy mind by feeding your brain Swanson L-Tyrosine!,"ğŸ‡**Swanson L-Tyrosine ** **ğŸ‡** Help support a healthy mind by feeding your brain Swanson L-Tyrosine! A key component of vital brain chemicals, L-tyrosine plays an important role in maintaining healthy mental function. L-tyrosine supports the production of the neurotransmitters norepinephrine and dopamine, both of which may be depleted by stress. Supplementing with L-tyrosine can help restore feelings of focus and mental alertness. â˜˜ï¸â˜˜ï¸**PRICE 5000 â˜˜ï¸â˜˜ï¸SIZE 100 **Capsules ** ** ğŸ“á‰  **0911410443** á‹­á‹°á‹áˆ‰áˆáŠ•t! ğŸŒºğŸŒº**Address: Dembel City Center 1st flor , Shop No. 124ğŸŒºğŸŒº** â˜˜ï¸unlock_your_natural_beautyâ˜˜ï¸",5000,0911410443,"**Address: Dembel City Center 1st flor , Shop No. 124ğŸŒºğŸŒº**",2025-10-09 12:42:10,@samia_s,https://t.me/Yetal_Search/1086,1086,2025-10-11 06:27:03
ğŸ‡**N-acetylcysteine (NAC) ** **ğŸ‡** **Nutricost's NAC supplement uses the N-acetylcysteine (NAC) **in,"ğŸ‡**N-acetylcysteine (NAC) ** **ğŸ‡** **Nutricost's NAC supplement uses the N-acetylcysteine (NAC) **ingredient to provide powerful antioxidant and anti-inflammatory benefits, supporting cellular health by increasing glutathione production to neutralize free radicals. Users take Nutricost NAC for general health support, including immune function, as well as for specific uses such as reducing mucus in lung conditions, supporting detoxification and liver health, and helping with symptoms of certain mental health disorders like OCD and depression. â˜˜ï¸â˜˜ï¸**PRICE 5000 â˜˜ï¸â˜˜ï¸SIZE 120 **Capsules ** ** ğŸ“á‰  **0911410443** á‹­á‹°á‹áˆ‰áˆáŠ•t! ğŸŒºğŸŒº**Address: Dembel City Center 1st flor , Shop No. 124ğŸŒºğŸŒº** â˜˜ï¸unlock_your_natural_beautyâ˜˜ï¸",5000,0911410443,"**Address: Dembel City Center 1st flor , Shop No. 124ğŸŒºğŸŒº**",2025-10-09 12:42:08,@samia_s,https://t.me/Yetal_Search/1082,1082,2025-10-11 06:27:03
ğŸ‡**KERILL OIL** **ğŸ‡** Micro Ingredients Antarctic Krill Oil with Omega 3- 300 softgels Krill oil ben,"ğŸ‡**KERILL OIL** **ğŸ‡** Micro Ingredients Antarctic Krill Oil with Omega 3- 300 softgels Krill oil benefits include supporting heart and brain health, its potent anti-inflammatory and antioxidant properties, and potential relief from premenstrual syndrome (PMS) symptoms and dry eyes. Rich in omega-3s (EPA and DHA), the phospholipid structure of krill oil offers high bioavailability, while its natural astaxanthin provides antioxidant and anti-inflammatory effects that may improve [cholesterol levels](https://www.google.com/search?sca_esv=6d56a4b81d83c992&rlz=1CDGOYI_enET1076ET1076&hl=en-US&cs=0&sxsrf=AE3TifNOiBTXicTw5KFjaQR0JHn2L0MiBg%3A1759738597579&q=cholesterol+levels&sa=X&ved=2ahUKEwjEiYePkY-QAxXcQ6QEHYDQKWwQxccNegQIBRAB&mstk=AUtExfCc9bjFEfEZ0blLqazTFwMa52kgA95LF8igz7HsX6bKQfyRYtMl-77rIMI5HjsuR10ELYTMu-h3NS7PKcfUjV7o_Vkl0xCEdQfy82QUV4NqmHcg7yozR_v8t3Ngejb9-C2s2M0H3L-9YnXWIejAUsg_WpkzxLS7uuoupSXDk4m-Lrn6yK08KlEKDxJnJoPMVHgWDjCnOIk-mQCdb04kMJfyYS_x7KIXwokm11BjfuSdrSv4LEqwlqbRDko-Rk7R9wmMs8K4YnTeprwvZ0yU0cVr&csui=3) and protect against cell damage. â˜˜ï¸â˜˜ï¸**PRICE 10,500 â˜˜ï¸â˜˜ï¸SIZE 300 softgels ** ğŸ“á‰  **0911410443** á‹­á‹°á‹áˆ‰áˆáŠ•t! ğŸŒºğŸŒº**Address: Dembel City Center 1st flor , Shop No. 124ğŸŒºğŸŒº** â˜˜ï¸unlock_your_natural_beautyâ˜˜ï¸",10500,0911410443,"**Address: Dembel City Center 1st flor , Shop No. 124ğŸŒºğŸŒº**",2025-10-09 12:42:08,@samia_s,https://t.me/Yetal_Search/1078,1078,2025-10-11 06:27:03
"ğŸ‡**Glutathione 500 mgğŸ‡** ** **NOW Foods Supplements, Glutathione 500 mg, With Milk Thistle Extract &","ğŸ‡**Glutathione 500 mgğŸ‡** ** **NOW Foods Supplements, Glutathione 500 mg, With Milk Thistle Extract & Alpha Lipoic Acid, Free Radical Neutralizer*, 60 Veg Capsules â˜˜ï¸â˜˜ï¸**PRICE â˜˜ï¸â˜˜ï¸SIZE 60** **Capsule** ** ** ğŸ“á‰  **0911410443** á‹­á‹°á‹áˆ‰áˆáŠ•t! ğŸŒºğŸŒº**Address: Dembel City Center 1st flor , Shop No. 124ğŸŒºğŸŒº** â˜˜ï¸unlock_your_natural_beautyâ˜˜ï¸",,0911410443,"**Address: Dembel City Center 1st flor , Shop No. 124ğŸŒºğŸŒº**",2025-10-09 12:42:08,@samia_s,https://t.me/Yetal_Search/1075,1075,2025-10-11 06:27:03
ğŸ‡**Montale Chocolate Greedy ğŸ‡** ** **Lovers of gourmand fragrances will delight at the smell of the ,"ğŸ‡**Montale Chocolate Greedy ğŸ‡** ** **Lovers of gourmand fragrances will delight at the smell of the Chocolate Greedy eau de parfum from Montale. With each spray, you'll immerse yourself in a mouth-watering world of orange, cacao cream and vanilla â€“ essentially, you'll be presented with the perfect opportunity to smell like your favourite pleasure: a rich, ganache-filled truffle. â˜˜ï¸â˜˜ï¸**PRICE â˜˜ï¸â˜˜ï¸SIZE 100 ML ** ğŸ“á‰  **0911410443** á‹­á‹°á‹áˆ‰áˆáŠ•t! ğŸŒºğŸŒº**Address: Dembel City Center 1st flor , Shop No. 124ğŸŒºğŸŒº** â˜˜ï¸unlock_your_natural_beautyâ˜˜ï¸",,0911410443,"**Address: Dembel City Center 1st flor , Shop No. 124ğŸŒºğŸŒº**",2025-10-09 12:42:07,@samia_s,https://t.me/Yetal_Search/1072,1072,2025-10-11 06:27:03
ğŸ‡**Montale Intense Cafe ğŸ‡** ** **Montale's Intense Cafe opens with a perfect waft of fresh brewing c,"ğŸ‡**Montale Intense Cafe ğŸ‡** ** **Montale's Intense Cafe opens with a perfect waft of fresh brewing coffee that will take your breath away. The flourish of coffee bean is paired with a fresh, vegetal rose. The two combine for an unexpectedly dry and refreshing top note. As the coffee softens, a vanillic white musk emerges, slightly sweetening the brew with just a hint of cream and sugar. Even in the final ambery drydown the coffee remains as a rich and nutty presence. This addictive and surprising gourmand is suitable for both men and women, and is the perfect fix for the coffee addict in all of us. â˜˜ï¸â˜˜ï¸**PRICE â˜˜ï¸â˜˜ï¸SIZE 100 ML ** ğŸ“á‰  **0911410443** á‹­á‹°á‹áˆ‰áˆáŠ•t! ğŸŒºğŸŒº**Address: Dembel City Center 1st flor , Shop No. 124ğŸŒºğŸŒº** â˜˜ï¸unlock_your_natural_beautyâ˜˜ï¸",,0911410443,"**Address: Dembel City Center 1st flor , Shop No. 124ğŸŒºğŸŒº**",2025-10-09 12:42:06,@samia_s,https://t.me/Yetal_Search/1067,1067,2025-10-11 06:27:03
ğŸ‡**Montale Sweet Vanilla ğŸ‡** ** **Experience the perfectly balanced sweetness of vanilla. Let the no,"ğŸ‡**Montale Sweet Vanilla ğŸ‡** ** **Experience the perfectly balanced sweetness of vanilla. Let the notes of vanilla transport you to the land of miracles. Ride the wave of sweetness with the Montale Sweet Vanilla Unisex Eau de Parfum. This intense, powdery fragrance will appeal to both men and women, as the sweetness of vanilla is perfectly balanced with a subtle sharpness, giving you a mysterious edge. â˜˜ï¸â˜˜ï¸**PRICE â˜˜ï¸â˜˜ï¸SIZE 100 ML ** ğŸ“á‰  **0911410443** á‹­á‹°á‹áˆ‰áˆáŠ•t! ğŸŒºğŸŒº**Address: Dembel City Center 1st flor , Shop No. 124ğŸŒºğŸŒº** â˜˜ï¸unlock_your_natural_beautyâ˜˜ï¸",,0911410443,"**Address: Dembel City Center 1st flor , Shop No. 124ğŸŒºğŸŒº**",2025-10-09 12:42:05,@samia_s,https://t.me/Yetal_Search/1062,1062,2025-10-11 06:27:03
ğŸ‡ğŸ‡ğŸŒ¿**Restocked** ğŸŒ¿ğŸ‡ğŸ‡ ğŸ‡**Libre Vanille CoutureğŸ‡** â˜˜ï¸â˜˜ï¸â˜˜ï¸launched in **2025**â˜˜ï¸â˜˜ï¸â˜˜ï¸ ** Libre Vanille C,"ğŸ‡ğŸ‡ğŸŒ¿**Restocked** ğŸŒ¿ğŸ‡ğŸ‡ ğŸ‡**Libre Vanille CoutureğŸ‡** â˜˜ï¸â˜˜ï¸â˜˜ï¸launched in **2025**â˜˜ï¸â˜˜ï¸â˜˜ï¸ ** Libre Vanille Couture** by **Yves Saint Laurent** is an Oriental Vanilla fragrance for women. This is a new fragrance. **Libre Vanille Couture** was launched in 2025. â˜˜ï¸â˜˜ï¸**PRICE â˜˜ï¸â˜˜ï¸SIZE 50ML ** ğŸ“á‰  **0911410443** á‹­á‹°á‹áˆ‰áˆáŠ•t! ğŸŒºğŸŒº**Address: Dembel City Center 1st flor , Shop No. 124ğŸŒºğŸŒº** â˜˜ï¸unlock_your_natural_beautyâ˜˜ï¸",,0911410443,"**Address: Dembel City Center 1st flor , Shop No. 124ğŸŒºğŸŒº**",2025-10-09 12:42:04,@samia_s,https://t.me/Yetal_Search/1059,1059,2025-10-11 06:27:03
"ğŸ‡VASELINE __**ğŸ‡** __** â˜˜ï¸**Detail â˜˜ï¸Catch the light with golden, bronze shimmer. Unlock glowy, glimm","ğŸ‡VASELINE __**ğŸ‡** __** â˜˜ï¸**Detail â˜˜ï¸Catch the light with golden, bronze shimmer. Unlock glowy, glimmering skin without tanning your skin. â˜˜ï¸Benefits â˜˜ï¸Formulated with ultra hydrating lipids and 100% pure cocoa butter Makes skin glowy and glistening without the tint Addicting and irresistible warm vanilla and toasted cocoa butter fragrance â˜˜ï¸Unique gel oil texture glides easily onto skin and absorbs quickly, without a greasy feel â˜˜ï¸For the ultimate post shower body care routine, use after Vaseline Cocoa Radiant Lotion â˜˜ï¸â˜˜ï¸**PRICE 3,800 â˜˜ï¸â˜˜ï¸SIZE 200 ML ** ğŸ“á‰  **0911410443** á‹­á‹°á‹áˆ‰áˆáŠ•t! ğŸŒºğŸŒº**Address: Dembel City Center 1st flor , Shop No. 124ğŸŒºğŸŒº** â˜˜ï¸unlock_your_natural_beautyâ˜˜ï¸",3800,0911410443,"**Address: Dembel City Center 1st flor , Shop No. 124ğŸŒºğŸŒº**",2025-10-09 12:42:04,@samia_s,https://t.me/Yetal_Search/1057,1057,2025-10-11 06:27:03
"ğŸ‡**PHOERA Body Luminizer__ğŸ‡__**__ __** â˜˜ï¸**BENEFITS: Wrinkle Filler and skin tightener, makes skin l","ğŸ‡**PHOERA Body Luminizer__ğŸ‡__**__ __** â˜˜ï¸**BENEFITS: Wrinkle Filler and skin tightener, makes skin look like velvet perfection. Highlights, creates a subtle glow, enhances natural skin tone, a tan that lasts all night. Perfect for spray tans to enhance and even out skin. Diminishes flaws like varicose veins, small stretch marks and discoloration. â˜˜ï¸MOISTURIZING BODY MAKEUP: Natural oils, botanicals and a hydrating marine extract to enhance the elasticity, texture and vibrancy of skin. â˜˜ï¸NATURAL INGREDIENTS: Green Tea Extract, white Green Tea extract, Vitamin E, Aloe Vera, Jojoba Oil, Safflower Oil, Olive oil, Kalpariane and Brown Seaweed Extract. â˜˜ï¸FUNCTIONS: A liquid highlighter cream with illuminating pigments that adds light to the face for a glowing, dewy looking complexion. â˜˜ï¸HOW TO USE: Apply the highlight drops alone or add a drop into your favorite skincare. â˜˜ï¸â˜˜ï¸**PRICE 4000 â˜˜ï¸â˜˜ï¸SIZE 30ml ** ğŸ“á‰  **0911410443** á‹­á‹°á‹áˆ‰áˆáŠ•t! ğŸŒºğŸŒº**Address: Dembel City Center 1st flor , Shop No. 124ğŸŒºğŸŒº** â˜˜ï¸unlock_your_natural_beautyâ˜˜ï¸",4000,0911410443,"**Address: Dembel City Center 1st flor , Shop No. 124ğŸŒºğŸŒº**",2025-10-09 12:42:03,@samia_s,https://t.me/Yetal_Search/1051,1051,2025-10-11 06:27:03
ğŸ‡ğŸ‡ğŸ‡**Restocked** ğŸ‡ğŸ‡ğŸ‡ ğŸ‡**VAGINAL PROBIOTICS __ğŸ‡__**__ __** **VAGINAL PROBIOTICS FOR WOMEN - Our Our v,"ğŸ‡ğŸ‡ğŸ‡**Restocked** ğŸ‡ğŸ‡ğŸ‡ ğŸ‡**VAGINAL PROBIOTICS __ğŸ‡__**__ __** **VAGINAL PROBIOTICS FOR WOMEN - Our Our vaginal health gummies support your pH balance, immune defences and vaginal flora in a delicious way.Enjoy 60 Premium Feminine Balance Gummies In Each Pouch, Crafted For Your Daily Wellness.VivoNu Gummies Are Vegan, Gluten-Free And Halal.comprehensively enhance body immunity PREMIUM NATURAL INGREDIENTS - Provitalize for women,weâ€™ve condensed all the benefits of traditional feminine support supplements into a tasty, convenient form. Our premium women's balancing gummies offer a delicious way to support your pH balance, immune defense and vaginal flora FEMININE CARE: High quality female gummies are rich in vitamin C and high-quality probiotics, which can balance the body's pH value, promote a healthier guide microbiota, and promote a healthier, odor free vagina. â˜˜ï¸â˜˜ï¸**PRICE â˜˜ï¸â˜˜ï¸SIZE ** ğŸ“á‰  **0911410443** á‹­á‹°á‹áˆ‰áˆáŠ•t! ğŸŒºğŸŒº**Address: Dembel City Center 1st flor , Shop No. 124ğŸŒºğŸŒº** â˜˜ï¸unlock_your_natural_beautyâ˜˜ï¸",,0911410443,"**Address: Dembel City Center 1st flor , Shop No. 124ğŸŒºğŸŒº**",2025-10-09 12:42:03,@samia_s,https://t.me/Yetal_Search/1045,1045,2025-10-11 06:27:03
**ğŸŒº RESTOCKED** **ğŸŒº ** **FLUORIDE FREE WHITENING TOOTHPASTE WITH HYDROXYAPATITE - 1 PK **Say goodbye,"**ğŸŒº RESTOCKED** **ğŸŒº ** **FLUORIDE FREE WHITENING TOOTHPASTE WITH HYDROXYAPATITE - 1 PK **Say goodbye to surface stains and hello to a naturally brighter smile! This fluoride-free formula rebuilds enamel, tackles plaque and strengthens your teeth with the power of hydroxyapatite and natureâ€™s best ingredients for a fresh, clean feel. PRICE: ğŸ“á‰  **0911410443** á‹­á‹°á‹áˆ‰áˆáŠ•! ğŸŒºğŸŒº**Address: Dembel City Center 1st flor , Shop No. 124ğŸŒºğŸŒº** â˜˜ï¸unlock_your_natural_beautyâ˜˜ï¸",,0911410443,"**Address: Dembel City Center 1st flor , Shop No. 124ğŸŒºğŸŒº**",2025-10-09 12:42:02,@samia_s,https://t.me/Yetal_Search/1044,1044,2025-10-11 06:27:03
ğŸ‡**Mullein Leaf Tea BenefitsğŸ‡** **Mullein Leaf Tea Benefits** If youâ€™re seeking a natural remedy to ,"ğŸ‡**Mullein Leaf Tea BenefitsğŸ‡** **Mullein Leaf Tea Benefits** If youâ€™re seeking a natural remedy to enhance your health, consider indulging in mullein leaf tea. This herbal infusion, derived from the leaves of the mullein plant, is renowned for its medicinal properties and nutritional richness. From respiratory support to skin health, mullein leaf tea offers a plethora of advantages. Letâ€™s explore why incorporating mullein leaf tea into your daily routine can be a beneficial choice for your well-being. â˜˜ï¸Respiratory Support â˜˜ï¸Anti-inflammatory Properties â˜˜ï¸Relief from Digestive Issues â˜˜ï¸Pain Management â˜˜ï¸Skin Health â˜˜ï¸Supports Heart Health â˜˜ï¸â˜˜ï¸**PRICE 8000 â˜˜ï¸â˜˜ï¸SIZE 120Tea Bags ** ** ** ğŸ“á‰  **0911410443** á‹­á‹°á‹áˆ‰áˆáŠ•t! ğŸŒºğŸŒº**Address: Dembel City Center 1st flor , Shop No. 124ğŸŒºğŸŒº** â˜˜ï¸unlock_your_natural_beautyâ˜˜ï¸w",8000,0911410443,"**Address: Dembel City Center 1st flor , Shop No. 124ğŸŒºğŸŒº**",2025-10-08 10:58:51,@samia_s,https://t.me/Yetal_Search/1041,1041,2025-10-11 06:27:03
ğŸ‡**Raspberry Leaf TeağŸ‡** â˜˜ï¸ RASPBERRY LEAF TEA BAGS WITH HEALTH BENEFITS: Raspberry is renowned for ,"ğŸ‡**Raspberry Leaf TeağŸ‡** â˜˜ï¸ RASPBERRY LEAF TEA BAGS WITH HEALTH BENEFITS: Raspberry is renowned for its high levels of antioxidants. â˜˜ï¸ 100% PURE FROM DRIED RASPBERRY LEAVES: We offer this herb tea in pure, No Blend, No Mix. â˜˜ï¸ A SUSTAINABLE FARMING TO SUPPORT COMMUNITY: Our experienced farmers adopt methods that minimize the environmental impact of agriculture. â˜˜ï¸ RASPBERRY TEA BAS MADE BY A HAND-MADE PROCESS: Raspberry leavess are picked at their flavorful/colorful peak and naturally sun-dried to perfection. â˜˜ï¸ BIODEGRADABLE TEA BAG - NATURAL MATERIAL: Our tea bags are thoughtfully crafted using biodegradable materials, allowing you to enjoy your favorite brew while minimizing your ecological footprint. â˜˜ï¸â˜˜ï¸**PRICE 8000 â˜˜ï¸â˜˜ï¸SIZE 135 Tea Bags ** ** ** ğŸ“á‰  **0911410443** á‹­á‹°á‹áˆ‰áˆáŠ•t! ğŸŒºğŸŒº**Address: Dembel City Center 1st flor , Shop No. 124ğŸŒºğŸŒº** â˜˜ï¸unlock_your_natural_beautyâ˜˜ï¸",8000,0911410443,"**Address: Dembel City Center 1st flor , Shop No. 124ğŸŒºğŸŒº**",2025-10-08 10:58:51,@samia_s,https://t.me/Yetal_Search/1035,1035,2025-10-11 06:27:03
"ğŸ‡Evening Time Detox Tea** ğŸ‡** FreshDrinkUS Evening Time Detox"" is an herbal tea blend designed for n","ğŸ‡Evening Time Detox Tea** ğŸ‡** FreshDrinkUS Evening Time Detox"" is an herbal tea blend designed for nighttime use, containing ingredients like Senna, peppermint, chamomile, licorice, and ginger, which are traditionally used for relaxation and digestion. it is a caffeine-free, non-GMO, and natural product that supports body balance and a restful night's sleep â˜˜ï¸â˜˜ï¸**PRICE 5500 â˜˜ï¸â˜˜ï¸SIZE 30 Tea Bags ** ** ** ğŸ“á‰  **0911410443** á‹­á‹°á‹áˆ‰áˆáŠ•t! ğŸŒºğŸŒº**Address: Dembel City Center 1st flor , Shop No. 124ğŸŒºğŸŒº** â˜˜ï¸unlock_your_natural_beautyâ˜˜ï¸",5500,0911410443,"**Address: Dembel City Center 1st flor , Shop No. 124ğŸŒºğŸŒº**",2025-10-08 10:58:50,@samia_s,https://t.me/Yetal_Search/1029,1029,2025-10-11 06:27:03
ğŸ‡**Chromium Picolinate ğŸ‡** **Chromium picolinate** is a mineral supplement that may support blood su,"ğŸ‡**Chromium Picolinate ğŸ‡** **Chromium picolinate** is a mineral supplement that may support blood sugar control and insulin sensitivity, and potentially improve cholesterol levels. It is also sometimes used to assist with weight loss, reduce cravings, and **may have benefits for metabolic syndrome and Polycystic Ovary Syndrome (PCOS).** However, most people can get enough chromium from their diet, and more research is needed to confirm the extent of its benefits for these conditions. â˜˜ï¸â˜˜ï¸**PRICE 3500 â˜˜ï¸â˜˜ï¸SIZE 240 Tablets** ** ** ğŸ“á‰  **0911410443** á‹­á‹°á‹áˆ‰áˆáŠ•t! ğŸŒºğŸŒº**Address: Dembel City Center 1st flor , Shop No. 124ğŸŒºğŸŒº** â˜˜ï¸unlock_your_natural_beautyâ˜˜ï¸",3500,0911410443,"**Address: Dembel City Center 1st flor , Shop No. 124ğŸŒºğŸŒº**",2025-10-08 10:58:48,@samia_s,https://t.me/Yetal_Search/1024,1024,2025-10-11 06:27:03
"ğŸ‡**Bioactive milk peptides ğŸ‡** Bioactive milk peptides offer a wide range of health benefits, includ","ğŸ‡**Bioactive milk peptides ğŸ‡** Bioactive milk peptides offer a wide range of health benefits, including improving cardiovascular health, lowering blood pressure, and acting as antioxidants. They also contribute to better gut health with anti-microbial and digestive effects, and support the immune system through immunomodulatory actions. Additionally, these peptides are noted for their potential in stress and sleep management, helping with relaxation and promoting restful sleep patterns. Further benefits include potential anti-cancer properties and improvements in bone and metabolic health, with potential roles in regulating blood glucose levels â˜˜ï¸â˜˜ï¸**PRICE 4500 â˜˜ï¸â˜˜ï¸SIZE 30 **Capsules ** ** ğŸ“á‰  **0911410443** á‹­á‹°á‹áˆ‰áˆáŠ•t! ğŸŒºğŸŒº**Address: Dembel City Center 1st flor , Shop No. 124ğŸŒºğŸŒº** â˜˜ï¸unlock_your_natural_beautyâ˜˜ï¸",4500,0911410443,"**Address: Dembel City Center 1st flor , Shop No. 124ğŸŒºğŸŒº**",2025-10-08 10:58:48,@samia_s,https://t.me/Yetal_Search/1019,1019,2025-10-11 06:27:03
ğŸ‡**Swanson L-Tyrosine ** **ğŸ‡** Help support a healthy mind by feeding your brain Swanson L-Tyrosine!,"ğŸ‡**Swanson L-Tyrosine ** **ğŸ‡** Help support a healthy mind by feeding your brain Swanson L-Tyrosine! A key component of vital brain chemicals, L-tyrosine plays an important role in maintaining healthy mental function. L-tyrosine supports the production of the neurotransmitters norepinephrine and dopamine, both of which may be depleted by stress. Supplementing with L-tyrosine can help restore feelings of focus and mental alertness. â˜˜ï¸â˜˜ï¸**PRICE 5000 â˜˜ï¸â˜˜ï¸SIZE 100 **Capsules ** ** ğŸ“á‰  **0911410443** á‹­á‹°á‹áˆ‰áˆáŠ•t! ğŸŒºğŸŒº**Address: Dembel City Center 1st flor , Shop No. 124ğŸŒºğŸŒº** â˜˜ï¸unlock_your_natural_beautyâ˜˜ï¸",5000,0911410443,"**Address: Dembel City Center 1st flor , Shop No. 124ğŸŒºğŸŒº**",2025-10-08 10:58:48,@samia_s,https://t.me/Yetal_Search/1017,1017,2025-10-11 06:27:03
ğŸ‡**N-acetylcysteine (NAC) ** **ğŸ‡** **Nutricost's NAC supplement uses the N-acetylcysteine (NAC) **in,"ğŸ‡**N-acetylcysteine (NAC) ** **ğŸ‡** **Nutricost's NAC supplement uses the N-acetylcysteine (NAC) **ingredient to provide powerful antioxidant and anti-inflammatory benefits, supporting cellular health by increasing glutathione production to neutralize free radicals. Users take Nutricost NAC for general health support, including immune function, as well as for specific uses such as reducing mucus in lung conditions, supporting detoxification and liver health, and helping with symptoms of certain mental health disorders like OCD and depression. â˜˜ï¸â˜˜ï¸**PRICE 5000 â˜˜ï¸â˜˜ï¸SIZE 120 **Capsules ** ** ğŸ“á‰  **0911410443** á‹­á‹°á‹áˆ‰áˆáŠ•t! ğŸŒºğŸŒº**Address: Dembel City Center 1st flor , Shop No. 124ğŸŒºğŸŒº** â˜˜ï¸unlock_your_natural_beautyâ˜˜ï¸",5000,0911410443,"**Address: Dembel City Center 1st flor , Shop No. 124ğŸŒºğŸŒº**",2025-10-08 10:58:46,@samia_s,https://t.me/Yetal_Search/1013,1013,2025-10-11 06:27:03
ğŸ‡**KERILL OIL** **ğŸ‡** Micro Ingredients Antarctic Krill Oil with Omega 3- 300 softgels Krill oil ben,"ğŸ‡**KERILL OIL** **ğŸ‡** Micro Ingredients Antarctic Krill Oil with Omega 3- 300 softgels Krill oil benefits include supporting heart and brain health, its potent anti-inflammatory and antioxidant properties, and potential relief from premenstrual syndrome (PMS) symptoms and dry eyes. Rich in omega-3s (EPA and DHA), the phospholipid structure of krill oil offers high bioavailability, while its natural astaxanthin provides antioxidant and anti-inflammatory effects that may improve [cholesterol levels](https://www.google.com/search?sca_esv=6d56a4b81d83c992&rlz=1CDGOYI_enET1076ET1076&hl=en-US&cs=0&sxsrf=AE3TifNOiBTXicTw5KFjaQR0JHn2L0MiBg%3A1759738597579&q=cholesterol+levels&sa=X&ved=2ahUKEwjEiYePkY-QAxXcQ6QEHYDQKWwQxccNegQIBRAB&mstk=AUtExfCc9bjFEfEZ0blLqazTFwMa52kgA95LF8igz7HsX6bKQfyRYtMl-77rIMI5HjsuR10ELYTMu-h3NS7PKcfUjV7o_Vkl0xCEdQfy82QUV4NqmHcg7yozR_v8t3Ngejb9-C2s2M0H3L-9YnXWIejAUsg_WpkzxLS7uuoupSXDk4m-Lrn6yK08KlEKDxJnJoPMVHgWDjCnOIk-mQCdb04kMJfyYS_x7KIXwokm11BjfuSdrSv4LEqwlqbRDko-Rk7R9wmMs8K4YnTeprwvZ0yU0cVr&csui=3) and protect against cell damage. â˜˜ï¸â˜˜ï¸**PRICE 10,500 â˜˜ï¸â˜˜ï¸SIZE 300 softgels ** ğŸ“á‰  **0911410443** á‹­á‹°á‹áˆ‰áˆáŠ•t! ğŸŒºğŸŒº**Address: Dembel City Center 1st flor , Shop No. 124ğŸŒºğŸŒº** â˜˜ï¸unlock_your_natural_beautyâ˜˜ï¸",10500,0911410443,"**Address: Dembel City Center 1st flor , Shop No. 124ğŸŒºğŸŒº**",2025-10-08 10:58:46,@samia_s,https://t.me/Yetal_Search/1009,1009,2025-10-11 06:27:03
"ğŸ‡**Glutathione 500 mgğŸ‡** ** **NOW Foods Supplements, Glutathione 500 mg, With Milk Thistle Extract &","ğŸ‡**Glutathione 500 mgğŸ‡** ** **NOW Foods Supplements, Glutathione 500 mg, With Milk Thistle Extract & Alpha Lipoic Acid, Free Radical Neutralizer*, 60 Veg Capsules â˜˜ï¸â˜˜ï¸**PRICE â˜˜ï¸â˜˜ï¸SIZE 60** **Capsule** ** ** ğŸ“á‰  **0911410443** á‹­á‹°á‹áˆ‰áˆáŠ•t! ğŸŒºğŸŒº**Address: Dembel City Center 1st flor , Shop No. 124ğŸŒºğŸŒº** â˜˜ï¸unlock_your_natural_beautyâ˜˜ï¸",,0911410443,"**Address: Dembel City Center 1st flor , Shop No. 124ğŸŒºğŸŒº**",2025-10-08 10:58:46,@samia_s,https://t.me/Yetal_Search/1006,1006,2025-10-11 06:27:03
ğŸ‡**Montale Chocolate Greedy ğŸ‡** ** **Lovers of gourmand fragrances will delight at the smell of the ,"ğŸ‡**Montale Chocolate Greedy ğŸ‡** ** **Lovers of gourmand fragrances will delight at the smell of the Chocolate Greedy eau de parfum from Montale. With each spray, you'll immerse yourself in a mouth-watering world of orange, cacao cream and vanilla â€“ essentially, you'll be presented with the perfect opportunity to smell like your favourite pleasure: a rich, ganache-filled truffle. â˜˜ï¸â˜˜ï¸**PRICE â˜˜ï¸â˜˜ï¸SIZE 100 ML ** ğŸ“á‰  **0911410443** á‹­á‹°á‹áˆ‰áˆáŠ•t! ğŸŒºğŸŒº**Address: Dembel City Center 1st flor , Shop No. 124ğŸŒºğŸŒº** â˜˜ï¸unlock_your_natural_beautyâ˜˜ï¸",,0911410443,"**Address: Dembel City Center 1st flor , Shop No. 124ğŸŒºğŸŒº**",2025-10-08 10:58:45,@samia_s,https://t.me/Yetal_Search/1003,1003,2025-10-11 06:27:03
ğŸ‡**Montale Intense Cafe ğŸ‡** ** **Montale's Intense Cafe opens with a perfect waft of fresh brewing c,"ğŸ‡**Montale Intense Cafe ğŸ‡** ** **Montale's Intense Cafe opens with a perfect waft of fresh brewing coffee that will take your breath away. The flourish of coffee bean is paired with a fresh, vegetal rose. The two combine for an unexpectedly dry and refreshing top note. As the coffee softens, a vanillic white musk emerges, slightly sweetening the brew with just a hint of cream and sugar. Even in the final ambery drydown the coffee remains as a rich and nutty presence. This addictive and surprising gourmand is suitable for both men and women, and is the perfect fix for the coffee addict in all of us. â˜˜ï¸â˜˜ï¸**PRICE â˜˜ï¸â˜˜ï¸SIZE 100 ML ** ğŸ“á‰  **0911410443** á‹­á‹°á‹áˆ‰áˆáŠ•t! ğŸŒºğŸŒº**Address: Dembel City Center 1st flor , Shop No. 124ğŸŒºğŸŒº** â˜˜ï¸unlock_your_natural_beautyâ˜˜ï¸",,0911410443,"**Address: Dembel City Center 1st flor , Shop No. 124ğŸŒºğŸŒº**",2025-10-08 10:58:44,@samia_s,https://t.me/Yetal_Search/998,998,2025-10-11 06:27:03
ğŸ‡**Montale Sweet Vanilla ğŸ‡** ** **Experience the perfectly balanced sweetness of vanilla. Let the no,"ğŸ‡**Montale Sweet Vanilla ğŸ‡** ** **Experience the perfectly balanced sweetness of vanilla. Let the notes of vanilla transport you to the land of miracles. Ride the wave of sweetness with the Montale Sweet Vanilla Unisex Eau de Parfum. This intense, powdery fragrance will appeal to both men and women, as the sweetness of vanilla is perfectly balanced with a subtle sharpness, giving you a mysterious edge. â˜˜ï¸â˜˜ï¸**PRICE â˜˜ï¸â˜˜ï¸SIZE 100 ML ** ğŸ“á‰  **0911410443** á‹­á‹°á‹áˆ‰áˆáŠ•t! ğŸŒºğŸŒº**Address: Dembel City Center 1st flor , Shop No. 124ğŸŒºğŸŒº** â˜˜ï¸unlock_your_natural_beautyâ˜˜ï¸",,0911410443,"**Address: Dembel City Center 1st flor , Shop No. 124ğŸŒºğŸŒº**",2025-10-08 10:58:43,@samia_s,https://t.me/Yetal_Search/993,993,2025-10-11 06:27:03
ğŸ‡ğŸ‡ğŸŒ¿**Restocked** ğŸŒ¿ğŸ‡ğŸ‡ ğŸ‡**Libre Vanille CoutureğŸ‡** â˜˜ï¸â˜˜ï¸â˜˜ï¸launched in **2025**â˜˜ï¸â˜˜ï¸â˜˜ï¸ ** Libre Vanille C,"ğŸ‡ğŸ‡ğŸŒ¿**Restocked** ğŸŒ¿ğŸ‡ğŸ‡ ğŸ‡**Libre Vanille CoutureğŸ‡** â˜˜ï¸â˜˜ï¸â˜˜ï¸launched in **2025**â˜˜ï¸â˜˜ï¸â˜˜ï¸ ** Libre Vanille Couture** by **Yves Saint Laurent** is an Oriental Vanilla fragrance for women. This is a new fragrance. **Libre Vanille Couture** was launched in 2025. â˜˜ï¸â˜˜ï¸**PRICE â˜˜ï¸â˜˜ï¸SIZE 50ML ** ğŸ“á‰  **0911410443** á‹­á‹°á‹áˆ‰áˆáŠ•t! ğŸŒºğŸŒº**Address: Dembel City Center 1st flor , Shop No. 124ğŸŒºğŸŒº** â˜˜ï¸unlock_your_natural_beautyâ˜˜ï¸",,0911410443,"**Address: Dembel City Center 1st flor , Shop No. 124ğŸŒºğŸŒº**",2025-10-08 10:58:43,@samia_s,https://t.me/Yetal_Search/990,990,2025-10-11 06:27:03
"ğŸ‡VASELINE __**ğŸ‡** __** â˜˜ï¸**Detail â˜˜ï¸Catch the light with golden, bronze shimmer. Unlock glowy, glimm","ğŸ‡VASELINE __**ğŸ‡** __** â˜˜ï¸**Detail â˜˜ï¸Catch the light with golden, bronze shimmer. Unlock glowy, glimmering skin without tanning your skin. â˜˜ï¸Benefits â˜˜ï¸Formulated with ultra hydrating lipids and 100% pure cocoa butter Makes skin glowy and glistening without the tint Addicting and irresistible warm vanilla and toasted cocoa butter fragrance â˜˜ï¸Unique gel oil texture glides easily onto skin and absorbs quickly, without a greasy feel â˜˜ï¸For the ultimate post shower body care routine, use after Vaseline Cocoa Radiant Lotion â˜˜ï¸â˜˜ï¸**PRICE 3,800 â˜˜ï¸â˜˜ï¸SIZE 200 ML ** ğŸ“á‰  **0911410443** á‹­á‹°á‹áˆ‰áˆáŠ•t! ğŸŒºğŸŒº**Address: Dembel City Center 1st flor , Shop No. 124ğŸŒºğŸŒº** â˜˜ï¸unlock_your_natural_beautyâ˜˜ï¸",3800,0911410443,"**Address: Dembel City Center 1st flor , Shop No. 124ğŸŒºğŸŒº**",2025-10-08 10:58:43,@samia_s,https://t.me/Yetal_Search/988,988,2025-10-11 06:27:03
"ğŸ‡**PHOERA Body Luminizer__ğŸ‡__**__ __** â˜˜ï¸**BENEFITS: Wrinkle Filler and skin tightener, makes skin l","ğŸ‡**PHOERA Body Luminizer__ğŸ‡__**__ __** â˜˜ï¸**BENEFITS: Wrinkle Filler and skin tightener, makes skin look like velvet perfection. Highlights, creates a subtle glow, enhances natural skin tone, a tan that lasts all night. Perfect for spray tans to enhance and even out skin. Diminishes flaws like varicose veins, small stretch marks and discoloration. â˜˜ï¸MOISTURIZING BODY MAKEUP: Natural oils, botanicals and a hydrating marine extract to enhance the elasticity, texture and vibrancy of skin. â˜˜ï¸NATURAL INGREDIENTS: Green Tea Extract, white Green Tea extract, Vitamin E, Aloe Vera, Jojoba Oil, Safflower Oil, Olive oil, Kalpariane and Brown Seaweed Extract. â˜˜ï¸FUNCTIONS: A liquid highlighter cream with illuminating pigments that adds light to the face for a glowing, dewy looking complexion. â˜˜ï¸HOW TO USE: Apply the highlight drops alone or add a drop into your favorite skincare. â˜˜ï¸â˜˜ï¸**PRICE 4000 â˜˜ï¸â˜˜ï¸SIZE 30ml ** ğŸ“á‰  **0911410443** á‹­á‹°á‹áˆ‰áˆáŠ•t! ğŸŒºğŸŒº**Address: Dembel City Center 1st flor , Shop No. 124ğŸŒºğŸŒº** â˜˜ï¸unlock_your_natural_beautyâ˜˜ï¸",4000,0911410443,"**Address: Dembel City Center 1st flor , Shop No. 124ğŸŒºğŸŒº**",2025-10-08 10:58:41,@samia_s,https://t.me/Yetal_Search/982,982,2025-10-11 06:27:03
ğŸ‡ğŸ‡ğŸ‡**Restocked** ğŸ‡ğŸ‡ğŸ‡ ğŸ‡**VAGINAL PROBIOTICS __ğŸ‡__**__ __** **VAGINAL PROBIOTICS FOR WOMEN - Our Our v,"ğŸ‡ğŸ‡ğŸ‡**Restocked** ğŸ‡ğŸ‡ğŸ‡ ğŸ‡**VAGINAL PROBIOTICS __ğŸ‡__**__ __** **VAGINAL PROBIOTICS FOR WOMEN - Our Our vaginal health gummies support your pH balance, immune defences and vaginal flora in a delicious way.Enjoy 60 Premium Feminine Balance Gummies In Each Pouch, Crafted For Your Daily Wellness.VivoNu Gummies Are Vegan, Gluten-Free And Halal.comprehensively enhance body immunity PREMIUM NATURAL INGREDIENTS - Provitalize for women,weâ€™ve condensed all the benefits of traditional feminine support supplements into a tasty, convenient form. Our premium women's balancing gummies offer a delicious way to support your pH balance, immune defense and vaginal flora FEMININE CARE: High quality female gummies are rich in vitamin C and high-quality probiotics, which can balance the body's pH value, promote a healthier guide microbiota, and promote a healthier, odor free vagina. â˜˜ï¸â˜˜ï¸**PRICE â˜˜ï¸â˜˜ï¸SIZE ** ğŸ“á‰  **0911410443** á‹­á‹°á‹áˆ‰áˆáŠ•t! ğŸŒºğŸŒº**Address: Dembel City Center 1st flor , Shop No. 124ğŸŒºğŸŒº** â˜˜ï¸unlock_your_natural_beautyâ˜˜ï¸",,0911410443,"**Address: Dembel City Center 1st flor , Shop No. 124ğŸŒºğŸŒº**",2025-10-08 10:58:40,@samia_s,https://t.me/Yetal_Search/976,976,2025-10-11 06:27:03
**ğŸŒº RESTOCKED** **ğŸŒº ** **FLUORIDE FREE WHITENING TOOTHPASTE WITH HYDROXYAPATITE - 1 PK **Say goodbye,"**ğŸŒº RESTOCKED** **ğŸŒº ** **FLUORIDE FREE WHITENING TOOTHPASTE WITH HYDROXYAPATITE - 1 PK **Say goodbye to surface stains and hello to a naturally brighter smile! This fluoride-free formula rebuilds enamel, tackles plaque and strengthens your teeth with the power of hydroxyapatite and natureâ€™s best ingredients for a fresh, clean feel. PRICE: ğŸ“á‰  **0911410443** á‹­á‹°á‹áˆ‰áˆáŠ•! ğŸŒºğŸŒº**Address: Dembel City Center 1st flor , Shop No. 124ğŸŒºğŸŒº** â˜˜ï¸unlock_your_natural_beautyâ˜˜ï¸",,0911410443,"**Address: Dembel City Center 1st flor , Shop No. 124ğŸŒºğŸŒº**",2025-10-08 10:58:40,@samia_s,https://t.me/Yetal_Search/975,975,2025-10-11 06:27:03
ğŸ‡**Mullein Leaf Tea BenefitsğŸ‡** **Mullein Leaf Tea Benefits** If youâ€™re seeking a natural remedy to ,"ğŸ‡**Mullein Leaf Tea BenefitsğŸ‡** **Mullein Leaf Tea Benefits** If youâ€™re seeking a natural remedy to enhance your health, consider indulging in mullein leaf tea. This herbal infusion, derived from the leaves of the mullein plant, is renowned for its medicinal properties and nutritional richness. From respiratory support to skin health, mullein leaf tea offers a plethora of advantages. Letâ€™s explore why incorporating mullein leaf tea into your daily routine can be a beneficial choice for your well-being. â˜˜ï¸Respiratory Support â˜˜ï¸Anti-inflammatory Properties â˜˜ï¸Relief from Digestive Issues â˜˜ï¸Pain Management â˜˜ï¸Skin Health â˜˜ï¸Supports Heart Health â˜˜ï¸â˜˜ï¸**PRICE 8000 â˜˜ï¸â˜˜ï¸SIZE 120Tea Bags ** ** ** ğŸ“á‰  **0911410443** á‹­á‹°á‹áˆ‰áˆáŠ•t! ğŸŒºğŸŒº**Address: Dembel City Center 1st flor , Shop No. 124ğŸŒºğŸŒº** â˜˜ï¸unlock_your_natural_beautyâ˜˜ï¸w",8000,0911410443,"**Address: Dembel City Center 1st flor , Shop No. 124ğŸŒºğŸŒº**",2025-10-08 10:31:52,@samia_s,https://t.me/Yetal_Search/970,970,2025-10-11 06:27:03
ğŸ‡**Raspberry Leaf TeağŸ‡** â˜˜ï¸ RASPBERRY LEAF TEA BAGS WITH HEALTH BENEFITS: Raspberry is renowned for ,"ğŸ‡**Raspberry Leaf TeağŸ‡** â˜˜ï¸ RASPBERRY LEAF TEA BAGS WITH HEALTH BENEFITS: Raspberry is renowned for its high levels of antioxidants. â˜˜ï¸ 100% PURE FROM DRIED RASPBERRY LEAVES: We offer this herb tea in pure, No Blend, No Mix. â˜˜ï¸ A SUSTAINABLE FARMING TO SUPPORT COMMUNITY: Our experienced farmers adopt methods that minimize the environmental impact of agriculture. â˜˜ï¸ RASPBERRY TEA BAS MADE BY A HAND-MADE PROCESS: Raspberry leavess are picked at their flavorful/colorful peak and naturally sun-dried to perfection. â˜˜ï¸ BIODEGRADABLE TEA BAG - NATURAL MATERIAL: Our tea bags are thoughtfully crafted using biodegradable materials, allowing you to enjoy your favorite brew while minimizing your ecological footprint. â˜˜ï¸â˜˜ï¸**PRICE 8000 â˜˜ï¸â˜˜ï¸SIZE 135 Tea Bags ** ** ** ğŸ“á‰  **0911410443** á‹­á‹°á‹áˆ‰áˆáŠ•t! ğŸŒºğŸŒº**Address: Dembel City Center 1st flor , Shop No. 124ğŸŒºğŸŒº** â˜˜ï¸unlock_your_natural_beautyâ˜˜ï¸",8000,0911410443,"**Address: Dembel City Center 1st flor , Shop No. 124ğŸŒºğŸŒº**",2025-10-08 10:31:52,@samia_s,https://t.me/Yetal_Search/964,964,2025-10-11 06:27:03
"ğŸ‡Evening Time Detox Tea** ğŸ‡** FreshDrinkUS Evening Time Detox"" is an herbal tea blend designed for n","ğŸ‡Evening Time Detox Tea** ğŸ‡** FreshDrinkUS Evening Time Detox"" is an herbal tea blend designed for nighttime use, containing ingredients like Senna, peppermint, chamomile, licorice, and ginger, which are traditionally used for relaxation and digestion. it is a caffeine-free, non-GMO, and natural product that supports body balance and a restful night's sleep â˜˜ï¸â˜˜ï¸**PRICE 5500 â˜˜ï¸â˜˜ï¸SIZE 30 Tea Bags ** ** ** ğŸ“á‰  **0911410443** á‹­á‹°á‹áˆ‰áˆáŠ•t! ğŸŒºğŸŒº**Address: Dembel City Center 1st flor , Shop No. 124ğŸŒºğŸŒº** â˜˜ï¸unlock_your_natural_beautyâ˜˜ï¸",5500,0911410443,"**Address: Dembel City Center 1st flor , Shop No. 124ğŸŒºğŸŒº**",2025-10-08 10:31:50,@samia_s,https://t.me/Yetal_Search/958,958,2025-10-11 06:27:03
ğŸ‡**Chromium Picolinate ğŸ‡** **Chromium picolinate** is a mineral supplement that may support blood su,"ğŸ‡**Chromium Picolinate ğŸ‡** **Chromium picolinate** is a mineral supplement that may support blood sugar control and insulin sensitivity, and potentially improve cholesterol levels. It is also sometimes used to assist with weight loss, reduce cravings, and **may have benefits for metabolic syndrome and Polycystic Ovary Syndrome (PCOS).** However, most people can get enough chromium from their diet, and more research is needed to confirm the extent of its benefits for these conditions. â˜˜ï¸â˜˜ï¸**PRICE 3500 â˜˜ï¸â˜˜ï¸SIZE 240 Tablets** ** ** ğŸ“á‰  **0911410443** á‹­á‹°á‹áˆ‰áˆáŠ•t! ğŸŒºğŸŒº**Address: Dembel City Center 1st flor , Shop No. 124ğŸŒºğŸŒº** â˜˜ï¸unlock_your_natural_beautyâ˜˜ï¸",3500,0911410443,"**Address: Dembel City Center 1st flor , Shop No. 124ğŸŒºğŸŒº**",2025-10-08 10:31:50,@samia_s,https://t.me/Yetal_Search/953,953,2025-10-11 06:27:03
"ğŸ‡**Bioactive milk peptides ğŸ‡** Bioactive milk peptides offer a wide range of health benefits, includ","ğŸ‡**Bioactive milk peptides ğŸ‡** Bioactive milk peptides offer a wide range of health benefits, including improving cardiovascular health, lowering blood pressure, and acting as antioxidants. They also contribute to better gut health with anti-microbial and digestive effects, and support the immune system through immunomodulatory actions. Additionally, these peptides are noted for their potential in stress and sleep management, helping with relaxation and promoting restful sleep patterns. Further benefits include potential anti-cancer properties and improvements in bone and metabolic health, with potential roles in regulating blood glucose levels â˜˜ï¸â˜˜ï¸**PRICE 4500 â˜˜ï¸â˜˜ï¸SIZE 30 **Capsules ** ** ğŸ“á‰  **0911410443** á‹­á‹°á‹áˆ‰áˆáŠ•t! ğŸŒºğŸŒº**Address: Dembel City Center 1st flor , Shop No. 124ğŸŒºğŸŒº** â˜˜ï¸unlock_your_natural_beautyâ˜˜ï¸",4500,0911410443,"**Address: Dembel City Center 1st flor , Shop No. 124ğŸŒºğŸŒº**",2025-10-08 10:31:49,@samia_s,https://t.me/Yetal_Search/948,948,2025-10-11 06:27:03
ğŸ‡**Swanson L-Tyrosine ** **ğŸ‡** Help support a healthy mind by feeding your brain Swanson L-Tyrosine!,"ğŸ‡**Swanson L-Tyrosine ** **ğŸ‡** Help support a healthy mind by feeding your brain Swanson L-Tyrosine! A key component of vital brain chemicals, L-tyrosine plays an important role in maintaining healthy mental function. L-tyrosine supports the production of the neurotransmitters norepinephrine and dopamine, both of which may be depleted by stress. Supplementing with L-tyrosine can help restore feelings of focus and mental alertness. â˜˜ï¸â˜˜ï¸**PRICE 5000 â˜˜ï¸â˜˜ï¸SIZE 100 **Capsules ** ** ğŸ“á‰  **0911410443** á‹­á‹°á‹áˆ‰áˆáŠ•t! ğŸŒºğŸŒº**Address: Dembel City Center 1st flor , Shop No. 124ğŸŒºğŸŒº** â˜˜ï¸unlock_your_natural_beautyâ˜˜ï¸",5000,0911410443,"**Address: Dembel City Center 1st flor , Shop No. 124ğŸŒºğŸŒº**",2025-10-08 10:31:49,@samia_s,https://t.me/Yetal_Search/946,946,2025-10-11 06:27:03
ğŸ‡**N-acetylcysteine (NAC) ** **ğŸ‡** **Nutricost's NAC supplement uses the N-acetylcysteine (NAC) **in,"ğŸ‡**N-acetylcysteine (NAC) ** **ğŸ‡** **Nutricost's NAC supplement uses the N-acetylcysteine (NAC) **ingredient to provide powerful antioxidant and anti-inflammatory benefits, supporting cellular health by increasing glutathione production to neutralize free radicals. Users take Nutricost NAC for general health support, including immune function, as well as for specific uses such as reducing mucus in lung conditions, supporting detoxification and liver health, and helping with symptoms of certain mental health disorders like OCD and depression. â˜˜ï¸â˜˜ï¸**PRICE 5000 â˜˜ï¸â˜˜ï¸SIZE 120 **Capsules ** ** ğŸ“á‰  **0911410443** á‹­á‹°á‹áˆ‰áˆáŠ•t! ğŸŒºğŸŒº**Address: Dembel City Center 1st flor , Shop No. 124ğŸŒºğŸŒº** â˜˜ï¸unlock_your_natural_beautyâ˜˜ï¸",5000,0911410443,"**Address: Dembel City Center 1st flor , Shop No. 124ğŸŒºğŸŒº**",2025-10-08 10:31:47,@samia_s,https://t.me/Yetal_Search/942,942,2025-10-11 06:27:03
ğŸ‡**KERILL OIL** **ğŸ‡** Micro Ingredients Antarctic Krill Oil with Omega 3- 300 softgels Krill oil ben,"ğŸ‡**KERILL OIL** **ğŸ‡** Micro Ingredients Antarctic Krill Oil with Omega 3- 300 softgels Krill oil benefits include supporting heart and brain health, its potent anti-inflammatory and antioxidant properties, and potential relief from premenstrual syndrome (PMS) symptoms and dry eyes. Rich in omega-3s (EPA and DHA), the phospholipid structure of krill oil offers high bioavailability, while its natural astaxanthin provides antioxidant and anti-inflammatory effects that may improve [cholesterol levels](https://www.google.com/search?sca_esv=6d56a4b81d83c992&rlz=1CDGOYI_enET1076ET1076&hl=en-US&cs=0&sxsrf=AE3TifNOiBTXicTw5KFjaQR0JHn2L0MiBg%3A1759738597579&q=cholesterol+levels&sa=X&ved=2ahUKEwjEiYePkY-QAxXcQ6QEHYDQKWwQxccNegQIBRAB&mstk=AUtExfCc9bjFEfEZ0blLqazTFwMa52kgA95LF8igz7HsX6bKQfyRYtMl-77rIMI5HjsuR10ELYTMu-h3NS7PKcfUjV7o_Vkl0xCEdQfy82QUV4NqmHcg7yozR_v8t3Ngejb9-C2s2M0H3L-9YnXWIejAUsg_WpkzxLS7uuoupSXDk4m-Lrn6yK08KlEKDxJnJoPMVHgWDjCnOIk-mQCdb04kMJfyYS_x7KIXwokm11BjfuSdrSv4LEqwlqbRDko-Rk7R9wmMs8K4YnTeprwvZ0yU0cVr&csui=3) and protect against cell damage. â˜˜ï¸â˜˜ï¸**PRICE 10,500 â˜˜ï¸â˜˜ï¸SIZE 300 softgels ** ğŸ“á‰  **0911410443** á‹­á‹°á‹áˆ‰áˆáŠ•t! ğŸŒºğŸŒº**Address: Dembel City Center 1st flor , Shop No. 124ğŸŒºğŸŒº** â˜˜ï¸unlock_your_natural_beautyâ˜˜ï¸",10500,0911410443,"**Address: Dembel City Center 1st flor , Shop No. 124ğŸŒºğŸŒº**",2025-10-08 10:31:47,@samia_s,https://t.me/Yetal_Search/938,938,2025-10-11 06:27:03
"ğŸ‡**Glutathione 500 mgğŸ‡** ** **NOW Foods Supplements, Glutathione 500 mg, With Milk Thistle Extract &","ğŸ‡**Glutathione 500 mgğŸ‡** ** **NOW Foods Supplements, Glutathione 500 mg, With Milk Thistle Extract & Alpha Lipoic Acid, Free Radical Neutralizer*, 60 Veg Capsules â˜˜ï¸â˜˜ï¸**PRICE â˜˜ï¸â˜˜ï¸SIZE 60** **Capsule** ** ** ğŸ“á‰  **0911410443** á‹­á‹°á‹áˆ‰áˆáŠ•t! ğŸŒºğŸŒº**Address: Dembel City Center 1st flor , Shop No. 124ğŸŒºğŸŒº** â˜˜ï¸unlock_your_natural_beautyâ˜˜ï¸",,0911410443,"**Address: Dembel City Center 1st flor , Shop No. 124ğŸŒºğŸŒº**",2025-10-08 10:31:46,@samia_s,https://t.me/Yetal_Search/935,935,2025-10-11 06:27:03
ğŸ‡**Montale Chocolate Greedy ğŸ‡** ** **Lovers of gourmand fragrances will delight at the smell of the ,"ğŸ‡**Montale Chocolate Greedy ğŸ‡** ** **Lovers of gourmand fragrances will delight at the smell of the Chocolate Greedy eau de parfum from Montale. With each spray, you'll immerse yourself in a mouth-watering world of orange, cacao cream and vanilla â€“ essentially, you'll be presented with the perfect opportunity to smell like your favourite pleasure: a rich, ganache-filled truffle. â˜˜ï¸â˜˜ï¸**PRICE â˜˜ï¸â˜˜ï¸SIZE 100 ML ** ğŸ“á‰  **0911410443** á‹­á‹°á‹áˆ‰áˆáŠ•t! ğŸŒºğŸŒº**Address: Dembel City Center 1st flor , Shop No. 124ğŸŒºğŸŒº** â˜˜ï¸unlock_your_natural_beautyâ˜˜ï¸",,0911410443,"**Address: Dembel City Center 1st flor , Shop No. 124ğŸŒºğŸŒº**",2025-10-08 10:31:45,@samia_s,https://t.me/Yetal_Search/932,932,2025-10-11 06:27:03
ğŸ‡**Montale Intense Cafe ğŸ‡** ** **Montale's Intense Cafe opens with a perfect waft of fresh brewing c,"ğŸ‡**Montale Intense Cafe ğŸ‡** ** **Montale's Intense Cafe opens with a perfect waft of fresh brewing coffee that will take your breath away. The flourish of coffee bean is paired with a fresh, vegetal rose. The two combine for an unexpectedly dry and refreshing top note. As the coffee softens, a vanillic white musk emerges, slightly sweetening the brew with just a hint of cream and sugar. Even in the final ambery drydown the coffee remains as a rich and nutty presence. This addictive and surprising gourmand is suitable for both men and women, and is the perfect fix for the coffee addict in all of us. â˜˜ï¸â˜˜ï¸**PRICE â˜˜ï¸â˜˜ï¸SIZE 100 ML ** ğŸ“á‰  **0911410443** á‹­á‹°á‹áˆ‰áˆáŠ•t! ğŸŒºğŸŒº**Address: Dembel City Center 1st flor , Shop No. 124ğŸŒºğŸŒº** â˜˜ï¸unlock_your_natural_beautyâ˜˜ï¸",,0911410443,"**Address: Dembel City Center 1st flor , Shop No. 124ğŸŒºğŸŒº**",2025-10-08 10:31:45,@samia_s,https://t.me/Yetal_Search/927,927,2025-10-11 06:27:03
ğŸ‡**Montale Sweet Vanilla ğŸ‡** ** **Experience the perfectly balanced sweetness of vanilla. Let the no,"ğŸ‡**Montale Sweet Vanilla ğŸ‡** ** **Experience the perfectly balanced sweetness of vanilla. Let the notes of vanilla transport you to the land of miracles. Ride the wave of sweetness with the Montale Sweet Vanilla Unisex Eau de Parfum. This intense, powdery fragrance will appeal to both men and women, as the sweetness of vanilla is perfectly balanced with a subtle sharpness, giving you a mysterious edge. â˜˜ï¸â˜˜ï¸**PRICE â˜˜ï¸â˜˜ï¸SIZE 100 ML ** ğŸ“á‰  **0911410443** á‹­á‹°á‹áˆ‰áˆáŠ•t! ğŸŒºğŸŒº**Address: Dembel City Center 1st flor , Shop No. 124ğŸŒºğŸŒº** â˜˜ï¸unlock_your_natural_beautyâ˜˜ï¸",,0911410443,"**Address: Dembel City Center 1st flor , Shop No. 124ğŸŒºğŸŒº**",2025-10-08 10:31:43,@samia_s,https://t.me/Yetal_Search/922,922,2025-10-11 06:27:03
ğŸ‡ğŸ‡ğŸŒ¿**Restocked** ğŸŒ¿ğŸ‡ğŸ‡ ğŸ‡**Libre Vanille CoutureğŸ‡** â˜˜ï¸â˜˜ï¸â˜˜ï¸launched in **2025**â˜˜ï¸â˜˜ï¸â˜˜ï¸ ** Libre Vanille C,"ğŸ‡ğŸ‡ğŸŒ¿**Restocked** ğŸŒ¿ğŸ‡ğŸ‡ ğŸ‡**Libre Vanille CoutureğŸ‡** â˜˜ï¸â˜˜ï¸â˜˜ï¸launched in **2025**â˜˜ï¸â˜˜ï¸â˜˜ï¸ ** Libre Vanille Couture** by **Yves Saint Laurent** is an Oriental Vanilla fragrance for women. This is a new fragrance. **Libre Vanille Couture** was launched in 2025. â˜˜ï¸â˜˜ï¸**PRICE â˜˜ï¸â˜˜ï¸SIZE 50ML ** ğŸ“á‰  **0911410443** á‹­á‹°á‹áˆ‰áˆáŠ•t! ğŸŒºğŸŒº**Address: Dembel City Center 1st flor , Shop No. 124ğŸŒºğŸŒº** â˜˜ï¸unlock_your_natural_beautyâ˜˜ï¸",,0911410443,"**Address: Dembel City Center 1st flor , Shop No. 124ğŸŒºğŸŒº**",2025-10-08 10:31:43,@samia_s,https://t.me/Yetal_Search/919,919,2025-10-11 06:27:03
"ğŸ‡VASELINE __**ğŸ‡** __** â˜˜ï¸**Detail â˜˜ï¸Catch the light with golden, bronze shimmer. Unlock glowy, glimm","ğŸ‡VASELINE __**ğŸ‡** __** â˜˜ï¸**Detail â˜˜ï¸Catch the light with golden, bronze shimmer. Unlock glowy, glimmering skin without tanning your skin. â˜˜ï¸Benefits â˜˜ï¸Formulated with ultra hydrating lipids and 100% pure cocoa butter Makes skin glowy and glistening without the tint Addicting and irresistible warm vanilla and toasted cocoa butter fragrance â˜˜ï¸Unique gel oil texture glides easily onto skin and absorbs quickly, without a greasy feel â˜˜ï¸For the ultimate post shower body care routine, use after Vaseline Cocoa Radiant Lotion â˜˜ï¸â˜˜ï¸**PRICE 3,800 â˜˜ï¸â˜˜ï¸SIZE 200 ML ** ğŸ“á‰  **0911410443** á‹­á‹°á‹áˆ‰áˆáŠ•t! ğŸŒºğŸŒº**Address: Dembel City Center 1st flor , Shop No. 124ğŸŒºğŸŒº** â˜˜ï¸unlock_your_natural_beautyâ˜˜ï¸",3800,0911410443,"**Address: Dembel City Center 1st flor , Shop No. 124ğŸŒºğŸŒº**",2025-10-08 10:31:43,@samia_s,https://t.me/Yetal_Search/917,917,2025-10-11 06:27:03
"ğŸ‡**PHOERA Body Luminizer__ğŸ‡__**__ __** â˜˜ï¸**BENEFITS: Wrinkle Filler and skin tightener, makes skin l","ğŸ‡**PHOERA Body Luminizer__ğŸ‡__**__ __** â˜˜ï¸**BENEFITS: Wrinkle Filler and skin tightener, makes skin look like velvet perfection. Highlights, creates a subtle glow, enhances natural skin tone, a tan that lasts all night. Perfect for spray tans to enhance and even out skin. Diminishes flaws like varicose veins, small stretch marks and discoloration. â˜˜ï¸MOISTURIZING BODY MAKEUP: Natural oils, botanicals and a hydrating marine extract to enhance the elasticity, texture and vibrancy of skin. â˜˜ï¸NATURAL INGREDIENTS: Green Tea Extract, white Green Tea extract, Vitamin E, Aloe Vera, Jojoba Oil, Safflower Oil, Olive oil, Kalpariane and Brown Seaweed Extract. â˜˜ï¸FUNCTIONS: A liquid highlighter cream with illuminating pigments that adds light to the face for a glowing, dewy looking complexion. â˜˜ï¸HOW TO USE: Apply the highlight drops alone or add a drop into your favorite skincare. â˜˜ï¸â˜˜ï¸**PRICE 4000 â˜˜ï¸â˜˜ï¸SIZE 30ml ** ğŸ“á‰  **0911410443** á‹­á‹°á‹áˆ‰áˆáŠ•t! ğŸŒºğŸŒº**Address: Dembel City Center 1st flor , Shop No. 124ğŸŒºğŸŒº** â˜˜ï¸unlock_your_natural_beautyâ˜˜ï¸",4000,0911410443,"**Address: Dembel City Center 1st flor , Shop No. 124ğŸŒºğŸŒº**",2025-10-08 10:31:41,@samia_s,https://t.me/Yetal_Search/911,911,2025-10-11 06:27:05
ğŸ‡ğŸ‡ğŸ‡**Restocked** ğŸ‡ğŸ‡ğŸ‡ ğŸ‡**VAGINAL PROBIOTICS __ğŸ‡__**__ __** **VAGINAL PROBIOTICS FOR WOMEN - Our Our v,"ğŸ‡ğŸ‡ğŸ‡**Restocked** ğŸ‡ğŸ‡ğŸ‡ ğŸ‡**VAGINAL PROBIOTICS __ğŸ‡__**__ __** **VAGINAL PROBIOTICS FOR WOMEN - Our Our vaginal health gummies support your pH balance, immune defences and vaginal flora in a delicious way.Enjoy 60 Premium Feminine Balance Gummies In Each Pouch, Crafted For Your Daily Wellness.VivoNu Gummies Are Vegan, Gluten-Free And Halal.comprehensively enhance body immunity PREMIUM NATURAL INGREDIENTS - Provitalize for women,weâ€™ve condensed all the benefits of traditional feminine support supplements into a tasty, convenient form. Our premium women's balancing gummies offer a delicious way to support your pH balance, immune defense and vaginal flora FEMININE CARE: High quality female gummies are rich in vitamin C and high-quality probiotics, which can balance the body's pH value, promote a healthier guide microbiota, and promote a healthier, odor free vagina. â˜˜ï¸â˜˜ï¸**PRICE â˜˜ï¸â˜˜ï¸SIZE ** ğŸ“á‰  **0911410443** á‹­á‹°á‹áˆ‰áˆáŠ•t! ğŸŒºğŸŒº**Address: Dembel City Center 1st flor , Shop No. 124ğŸŒºğŸŒº** â˜˜ï¸unlock_your_natural_beautyâ˜˜ï¸",,0911410443,"**Address: Dembel City Center 1st flor , Shop No. 124ğŸŒºğŸŒº**",2025-10-08 10:31:41,@samia_s,https://t.me/Yetal_Search/905,905,2025-10-11 06:27:05
**ğŸŒº RESTOCKED** **ğŸŒº ** **FLUORIDE FREE WHITENING TOOTHPASTE WITH HYDROXYAPATITE - 1 PK **Say goodbye,"**ğŸŒº RESTOCKED** **ğŸŒº ** **FLUORIDE FREE WHITENING TOOTHPASTE WITH HYDROXYAPATITE - 1 PK **Say goodbye to surface stains and hello to a naturally brighter smile! This fluoride-free formula rebuilds enamel, tackles plaque and strengthens your teeth with the power of hydroxyapatite and natureâ€™s best ingredients for a fresh, clean feel. PRICE: ğŸ“á‰  **0911410443** á‹­á‹°á‹áˆ‰áˆáŠ•! ğŸŒºğŸŒº**Address: Dembel City Center 1st flor , Shop No. 124ğŸŒºğŸŒº** â˜˜ï¸unlock_your_natural_beautyâ˜˜ï¸",,0911410443,"**Address: Dembel City Center 1st flor , Shop No. 124ğŸŒºğŸŒº**",2025-10-08 10:31:41,@samia_s,https://t.me/Yetal_Search/904,904,2025-10-11 06:27:05
ğŸ‡**Mullein Leaf Tea BenefitsğŸ‡** **Mullein Leaf Tea Benefits** If youâ€™re seeking a natural remedy to ,"ğŸ‡**Mullein Leaf Tea BenefitsğŸ‡** **Mullein Leaf Tea Benefits** If youâ€™re seeking a natural remedy to enhance your health, consider indulging in mullein leaf tea. This herbal infusion, derived from the leaves of the mullein plant, is renowned for its medicinal properties and nutritional richness. From respiratory support to skin health, mullein leaf tea offers a plethora of advantages. Letâ€™s explore why incorporating mullein leaf tea into your daily routine can be a beneficial choice for your well-being. â˜˜ï¸Respiratory Support â˜˜ï¸Anti-inflammatory Properties â˜˜ï¸Relief from Digestive Issues â˜˜ï¸Pain Management â˜˜ï¸Skin Health â˜˜ï¸Supports Heart Health â˜˜ï¸â˜˜ï¸**PRICE 8000 â˜˜ï¸â˜˜ï¸SIZE 120Tea Bags ** ** ** ğŸ“á‰  **0911410443** á‹­á‹°á‹áˆ‰áˆáŠ•t! ğŸŒºğŸŒº**Address: Dembel City Center 1st flor , Shop No. 124ğŸŒºğŸŒº** â˜˜ï¸unlock_your_natural_beautyâ˜˜ï¸w",8000,0911410443,"**Address: Dembel City Center 1st flor , Shop No. 124ğŸŒºğŸŒº**",2025-10-07 12:26:14,@samia_s,https://t.me/Yetal_Search/768,768,2025-10-11 06:27:05
ğŸ‡**Raspberry Leaf TeağŸ‡** â˜˜ï¸ RASPBERRY LEAF TEA BAGS WITH HEALTH BENEFITS: Raspberry is renowned for ,"ğŸ‡**Raspberry Leaf TeağŸ‡** â˜˜ï¸ RASPBERRY LEAF TEA BAGS WITH HEALTH BENEFITS: Raspberry is renowned for its high levels of antioxidants. â˜˜ï¸ 100% PURE FROM DRIED RASPBERRY LEAVES: We offer this herb tea in pure, No Blend, No Mix. â˜˜ï¸ A SUSTAINABLE FARMING TO SUPPORT COMMUNITY: Our experienced farmers adopt methods that minimize the environmental impact of agriculture. â˜˜ï¸ RASPBERRY TEA BAS MADE BY A HAND-MADE PROCESS: Raspberry leavess are picked at their flavorful/colorful peak and naturally sun-dried to perfection. â˜˜ï¸ BIODEGRADABLE TEA BAG - NATURAL MATERIAL: Our tea bags are thoughtfully crafted using biodegradable materials, allowing you to enjoy your favorite brew while minimizing your ecological footprint. â˜˜ï¸â˜˜ï¸**PRICE 8000 â˜˜ï¸â˜˜ï¸SIZE 135 Tea Bags ** ** ** ğŸ“á‰  **0911410443** á‹­á‹°á‹áˆ‰áˆáŠ•t! ğŸŒºğŸŒº**Address: Dembel City Center 1st flor , Shop No. 124ğŸŒºğŸŒº** â˜˜ï¸unlock_your_natural_beautyâ˜˜ï¸",8000,0911410443,"**Address: Dembel City Center 1st flor , Shop No. 124ğŸŒºğŸŒº**",2025-10-07 12:26:12,@samia_s,https://t.me/Yetal_Search/762,762,2025-10-11 06:27:05
"ğŸ‡Evening Time Detox Tea** ğŸ‡** FreshDrinkUS Evening Time Detox"" is an herbal tea blend designed for n","ğŸ‡Evening Time Detox Tea** ğŸ‡** FreshDrinkUS Evening Time Detox"" is an herbal tea blend designed for nighttime use, containing ingredients like Senna, peppermint, chamomile, licorice, and ginger, which are traditionally used for relaxation and digestion. it is a caffeine-free, non-GMO, and natural product that supports body balance and a restful night's sleep â˜˜ï¸â˜˜ï¸**PRICE 5500 â˜˜ï¸â˜˜ï¸SIZE 30 Tea Bags ** ** ** ğŸ“á‰  **0911410443** á‹­á‹°á‹áˆ‰áˆáŠ•t! ğŸŒºğŸŒº**Address: Dembel City Center 1st flor , Shop No. 124ğŸŒºğŸŒº** â˜˜ï¸unlock_your_natural_beautyâ˜˜ï¸",5500,0911410443,"**Address: Dembel City Center 1st flor , Shop No. 124ğŸŒºğŸŒº**",2025-10-07 12:26:11,@samia_s,https://t.me/Yetal_Search/756,756,2025-10-11 06:27:05
ğŸ‡**Chromium Picolinate ğŸ‡** **Chromium picolinate** is a mineral supplement that may support blood su,"ğŸ‡**Chromium Picolinate ğŸ‡** **Chromium picolinate** is a mineral supplement that may support blood sugar control and insulin sensitivity, and potentially improve cholesterol levels. It is also sometimes used to assist with weight loss, reduce cravings, and **may have benefits for metabolic syndrome and Polycystic Ovary Syndrome (PCOS).** However, most people can get enough chromium from their diet, and more research is needed to confirm the extent of its benefits for these conditions. â˜˜ï¸â˜˜ï¸**PRICE 3500 â˜˜ï¸â˜˜ï¸SIZE 240 Tablets** ** ** ğŸ“á‰  **0911410443** á‹­á‹°á‹áˆ‰áˆáŠ•t! ğŸŒºğŸŒº**Address: Dembel City Center 1st flor , Shop No. 124ğŸŒºğŸŒº** â˜˜ï¸unlock_your_natural_beautyâ˜˜ï¸",3500,0911410443,"**Address: Dembel City Center 1st flor , Shop No. 124ğŸŒºğŸŒº**",2025-10-07 12:26:11,@samia_s,https://t.me/Yetal_Search/751,751,2025-10-11 06:27:05
"ğŸ‡**Bioactive milk peptides ğŸ‡** Bioactive milk peptides offer a wide range of health benefits, includ","ğŸ‡**Bioactive milk peptides ğŸ‡** Bioactive milk peptides offer a wide range of health benefits, including improving cardiovascular health, lowering blood pressure, and acting as antioxidants. They also contribute to better gut health with anti-microbial and digestive effects, and support the immune system through immunomodulatory actions. Additionally, these peptides are noted for their potential in stress and sleep management, helping with relaxation and promoting restful sleep patterns. Further benefits include potential anti-cancer properties and improvements in bone and metabolic health, with potential roles in regulating blood glucose levels â˜˜ï¸â˜˜ï¸**PRICE 4500 â˜˜ï¸â˜˜ï¸SIZE 30 **Capsules ** ** ğŸ“á‰  **0911410443** á‹­á‹°á‹áˆ‰áˆáŠ•t! ğŸŒºğŸŒº**Address: Dembel City Center 1st flor , Shop No. 124ğŸŒºğŸŒº** â˜˜ï¸unlock_your_natural_beautyâ˜˜ï¸",4500,0911410443,"**Address: Dembel City Center 1st flor , Shop No. 124ğŸŒºğŸŒº**",2025-10-07 12:26:09,@samia_s,https://t.me/Yetal_Search/746,746,2025-10-11 06:27:05
ğŸ‡**Swanson L-Tyrosine ** **ğŸ‡** Help support a healthy mind by feeding your brain Swanson L-Tyrosine!,"ğŸ‡**Swanson L-Tyrosine ** **ğŸ‡** Help support a healthy mind by feeding your brain Swanson L-Tyrosine! A key component of vital brain chemicals, L-tyrosine plays an important role in maintaining healthy mental function. L-tyrosine supports the production of the neurotransmitters norepinephrine and dopamine, both of which may be depleted by stress. Supplementing with L-tyrosine can help restore feelings of focus and mental alertness. â˜˜ï¸â˜˜ï¸**PRICE 5000 â˜˜ï¸â˜˜ï¸SIZE 100 **Capsules ** ** ğŸ“á‰  **0911410443** á‹­á‹°á‹áˆ‰áˆáŠ•t! ğŸŒºğŸŒº**Address: Dembel City Center 1st flor , Shop No. 124ğŸŒºğŸŒº** â˜˜ï¸unlock_your_natural_beautyâ˜˜ï¸",5000,0911410443,"**Address: Dembel City Center 1st flor , Shop No. 124ğŸŒºğŸŒº**",2025-10-07 12:26:09,@samia_s,https://t.me/Yetal_Search/744,744,2025-10-11 06:27:05
ğŸ‡**N-acetylcysteine (NAC) ** **ğŸ‡** **Nutricost's NAC supplement uses the N-acetylcysteine (NAC) **in,"ğŸ‡**N-acetylcysteine (NAC) ** **ğŸ‡** **Nutricost's NAC supplement uses the N-acetylcysteine (NAC) **ingredient to provide powerful antioxidant and anti-inflammatory benefits, supporting cellular health by increasing glutathione production to neutralize free radicals. Users take Nutricost NAC for general health support, including immune function, as well as for specific uses such as reducing mucus in lung conditions, supporting detoxification and liver health, and helping with symptoms of certain mental health disorders like OCD and depression. â˜˜ï¸â˜˜ï¸**PRICE 5000 â˜˜ï¸â˜˜ï¸SIZE 120 **Capsules ** ** ğŸ“á‰  **0911410443** á‹­á‹°á‹áˆ‰áˆáŠ•t! ğŸŒºğŸŒº**Address: Dembel City Center 1st flor , Shop No. 124ğŸŒºğŸŒº** â˜˜ï¸unlock_your_natural_beautyâ˜˜ï¸",5000,0911410443,"**Address: Dembel City Center 1st flor , Shop No. 124ğŸŒºğŸŒº**",2025-10-07 12:26:08,@samia_s,https://t.me/Yetal_Search/740,740,2025-10-11 06:27:06
ğŸ‡**KERILL OIL** **ğŸ‡** Micro Ingredients Antarctic Krill Oil with Omega 3- 300 softgels Krill oil ben,"ğŸ‡**KERILL OIL** **ğŸ‡** Micro Ingredients Antarctic Krill Oil with Omega 3- 300 softgels Krill oil benefits include supporting heart and brain health, its potent anti-inflammatory and antioxidant properties, and potential relief from premenstrual syndrome (PMS) symptoms and dry eyes. Rich in omega-3s (EPA and DHA), the phospholipid structure of krill oil offers high bioavailability, while its natural astaxanthin provides antioxidant and anti-inflammatory effects that may improve [cholesterol levels](https://www.google.com/search?sca_esv=6d56a4b81d83c992&rlz=1CDGOYI_enET1076ET1076&hl=en-US&cs=0&sxsrf=AE3TifNOiBTXicTw5KFjaQR0JHn2L0MiBg%3A1759738597579&q=cholesterol+levels&sa=X&ved=2ahUKEwjEiYePkY-QAxXcQ6QEHYDQKWwQxccNegQIBRAB&mstk=AUtExfCc9bjFEfEZ0blLqazTFwMa52kgA95LF8igz7HsX6bKQfyRYtMl-77rIMI5HjsuR10ELYTMu-h3NS7PKcfUjV7o_Vkl0xCEdQfy82QUV4NqmHcg7yozR_v8t3Ngejb9-C2s2M0H3L-9YnXWIejAUsg_WpkzxLS7uuoupSXDk4m-Lrn6yK08KlEKDxJnJoPMVHgWDjCnOIk-mQCdb04kMJfyYS_x7KIXwokm11BjfuSdrSv4LEqwlqbRDko-Rk7R9wmMs8K4YnTeprwvZ0yU0cVr&csui=3) and protect against cell damage. â˜˜ï¸â˜˜ï¸**PRICE 10,500 â˜˜ï¸â˜˜ï¸SIZE 300 softgels ** ğŸ“á‰  **0911410443** á‹­á‹°á‹áˆ‰áˆáŠ•t! ğŸŒºğŸŒº**Address: Dembel City Center 1st flor , Shop No. 124ğŸŒºğŸŒº** â˜˜ï¸unlock_your_natural_beautyâ˜˜ï¸",10500,0911410443,"**Address: Dembel City Center 1st flor , Shop No. 124ğŸŒºğŸŒº**",2025-10-07 12:26:07,@samia_s,https://t.me/Yetal_Search/736,736,2025-10-11 06:27:06
"ğŸ‡**Glutathione 500 mgğŸ‡** ** **NOW Foods Supplements, Glutathione 500 mg, With Milk Thistle Extract &","ğŸ‡**Glutathione 500 mgğŸ‡** ** **NOW Foods Supplements, Glutathione 500 mg, With Milk Thistle Extract & Alpha Lipoic Acid, Free Radical Neutralizer*, 60 Veg Capsules â˜˜ï¸â˜˜ï¸**PRICE â˜˜ï¸â˜˜ï¸SIZE 60** **Capsule** ** ** ğŸ“á‰  **0911410443** á‹­á‹°á‹áˆ‰áˆáŠ•t! ğŸŒºğŸŒº**Address: Dembel City Center 1st flor , Shop No. 124ğŸŒºğŸŒº** â˜˜ï¸unlock_your_natural_beautyâ˜˜ï¸",,0911410443,"**Address: Dembel City Center 1st flor , Shop No. 124ğŸŒºğŸŒº**",2025-10-07 12:26:07,@samia_s,https://t.me/Yetal_Search/733,733,2025-10-11 06:27:06
ğŸ‡**Montale Chocolate Greedy ğŸ‡** ** **Lovers of gourmand fragrances will delight at the smell of the ,"ğŸ‡**Montale Chocolate Greedy ğŸ‡** ** **Lovers of gourmand fragrances will delight at the smell of the Chocolate Greedy eau de parfum from Montale. With each spray, you'll immerse yourself in a mouth-watering world of orange, cacao cream and vanilla â€“ essentially, you'll be presented with the perfect opportunity to smell like your favourite pleasure: a rich, ganache-filled truffle. â˜˜ï¸â˜˜ï¸**PRICE â˜˜ï¸â˜˜ï¸SIZE 100 ML ** ğŸ“á‰  **0911410443** á‹­á‹°á‹áˆ‰áˆáŠ•t! ğŸŒºğŸŒº**Address: Dembel City Center 1st flor , Shop No. 124ğŸŒºğŸŒº** â˜˜ï¸unlock_your_natural_beautyâ˜˜ï¸",,0911410443,"**Address: Dembel City Center 1st flor , Shop No. 124ğŸŒºğŸŒº**",2025-10-07 12:26:07,@samia_s,https://t.me/Yetal_Search/730,730,2025-10-11 06:27:06
ğŸ‡**Montale Intense Cafe ğŸ‡** ** **Montale's Intense Cafe opens with a perfect waft of fresh brewing c,"ğŸ‡**Montale Intense Cafe ğŸ‡** ** **Montale's Intense Cafe opens with a perfect waft of fresh brewing coffee that will take your breath away. The flourish of coffee bean is paired with a fresh, vegetal rose. The two combine for an unexpectedly dry and refreshing top note. As the coffee softens, a vanillic white musk emerges, slightly sweetening the brew with just a hint of cream and sugar. Even in the final ambery drydown the coffee remains as a rich and nutty presence. This addictive and surprising gourmand is suitable for both men and women, and is the perfect fix for the coffee addict in all of us. â˜˜ï¸â˜˜ï¸**PRICE â˜˜ï¸â˜˜ï¸SIZE 100 ML ** ğŸ“á‰  **0911410443** á‹­á‹°á‹áˆ‰áˆáŠ•t! ğŸŒºğŸŒº**Address: Dembel City Center 1st flor , Shop No. 124ğŸŒºğŸŒº** â˜˜ï¸unlock_your_natural_beautyâ˜˜ï¸",,0911410443,"**Address: Dembel City Center 1st flor , Shop No. 124ğŸŒºğŸŒº**",2025-10-07 12:26:05,@samia_s,https://t.me/Yetal_Search/725,725,2025-10-11 06:27:06
ğŸ‡**Montale Sweet Vanilla ğŸ‡** ** **Experience the perfectly balanced sweetness of vanilla. Let the no,"ğŸ‡**Montale Sweet Vanilla ğŸ‡** ** **Experience the perfectly balanced sweetness of vanilla. Let the notes of vanilla transport you to the land of miracles. Ride the wave of sweetness with the Montale Sweet Vanilla Unisex Eau de Parfum. This intense, powdery fragrance will appeal to both men and women, as the sweetness of vanilla is perfectly balanced with a subtle sharpness, giving you a mysterious edge. â˜˜ï¸â˜˜ï¸**PRICE â˜˜ï¸â˜˜ï¸SIZE 100 ML ** ğŸ“á‰  **0911410443** á‹­á‹°á‹áˆ‰áˆáŠ•t! ğŸŒºğŸŒº**Address: Dembel City Center 1st flor , Shop No. 124ğŸŒºğŸŒº** â˜˜ï¸unlock_your_natural_beautyâ˜˜ï¸",,0911410443,"**Address: Dembel City Center 1st flor , Shop No. 124ğŸŒºğŸŒº**",2025-10-07 12:26:04,@samia_s,https://t.me/Yetal_Search/720,720,2025-10-11 06:27:06
ğŸ‡ğŸ‡ğŸŒ¿**Restocked** ğŸŒ¿ğŸ‡ğŸ‡ ğŸ‡**Libre Vanille CoutureğŸ‡** â˜˜ï¸â˜˜ï¸â˜˜ï¸launched in **2025**â˜˜ï¸â˜˜ï¸â˜˜ï¸ ** Libre Vanille C,"ğŸ‡ğŸ‡ğŸŒ¿**Restocked** ğŸŒ¿ğŸ‡ğŸ‡ ğŸ‡**Libre Vanille CoutureğŸ‡** â˜˜ï¸â˜˜ï¸â˜˜ï¸launched in **2025**â˜˜ï¸â˜˜ï¸â˜˜ï¸ ** Libre Vanille Couture** by **Yves Saint Laurent** is an Oriental Vanilla fragrance for women. This is a new fragrance. **Libre Vanille Couture** was launched in 2025. â˜˜ï¸â˜˜ï¸**PRICE â˜˜ï¸â˜˜ï¸SIZE 50ML ** ğŸ“á‰  **0911410443** á‹­á‹°á‹áˆ‰áˆáŠ•t! ğŸŒºğŸŒº**Address: Dembel City Center 1st flor , Shop No. 124ğŸŒºğŸŒº** â˜˜ï¸unlock_your_natural_beautyâ˜˜ï¸",,0911410443,"**Address: Dembel City Center 1st flor , Shop No. 124ğŸŒºğŸŒº**",2025-10-07 12:26:04,@samia_s,https://t.me/Yetal_Search/717,717,2025-10-11 06:27:06
"ğŸ‡VASELINE __**ğŸ‡** __** â˜˜ï¸**Detail â˜˜ï¸Catch the light with golden, bronze shimmer. Unlock glowy, glimm","ğŸ‡VASELINE __**ğŸ‡** __** â˜˜ï¸**Detail â˜˜ï¸Catch the light with golden, bronze shimmer. Unlock glowy, glimmering skin without tanning your skin. â˜˜ï¸Benefits â˜˜ï¸Formulated with ultra hydrating lipids and 100% pure cocoa butter Makes skin glowy and glistening without the tint Addicting and irresistible warm vanilla and toasted cocoa butter fragrance â˜˜ï¸Unique gel oil texture glides easily onto skin and absorbs quickly, without a greasy feel â˜˜ï¸For the ultimate post shower body care routine, use after Vaseline Cocoa Radiant Lotion â˜˜ï¸â˜˜ï¸**PRICE 3,800 â˜˜ï¸â˜˜ï¸SIZE 200 ML ** ğŸ“á‰  **0911410443** á‹­á‹°á‹áˆ‰áˆáŠ•t! ğŸŒºğŸŒº**Address: Dembel City Center 1st flor , Shop No. 124ğŸŒºğŸŒº** â˜˜ï¸unlock_your_natural_beautyâ˜˜ï¸",3800,0911410443,"**Address: Dembel City Center 1st flor , Shop No. 124ğŸŒºğŸŒº**",2025-10-07 12:26:02,@samia_s,https://t.me/Yetal_Search/715,715,2025-10-11 06:27:06
"ğŸ‡**PHOERA Body Luminizer__ğŸ‡__**__ __** â˜˜ï¸**BENEFITS: Wrinkle Filler and skin tightener, makes skin l","ğŸ‡**PHOERA Body Luminizer__ğŸ‡__**__ __** â˜˜ï¸**BENEFITS: Wrinkle Filler and skin tightener, makes skin look like velvet perfection. Highlights, creates a subtle glow, enhances natural skin tone, a tan that lasts all night. Perfect for spray tans to enhance and even out skin. Diminishes flaws like varicose veins, small stretch marks and discoloration. â˜˜ï¸MOISTURIZING BODY MAKEUP: Natural oils, botanicals and a hydrating marine extract to enhance the elasticity, texture and vibrancy of skin. â˜˜ï¸NATURAL INGREDIENTS: Green Tea Extract, white Green Tea extract, Vitamin E, Aloe Vera, Jojoba Oil, Safflower Oil, Olive oil, Kalpariane and Brown Seaweed Extract. â˜˜ï¸FUNCTIONS: A liquid highlighter cream with illuminating pigments that adds light to the face for a glowing, dewy looking complexion. â˜˜ï¸HOW TO USE: Apply the highlight drops alone or add a drop into your favorite skincare. â˜˜ï¸â˜˜ï¸**PRICE 4000 â˜˜ï¸â˜˜ï¸SIZE 30ml ** ğŸ“á‰  **0911410443** á‹­á‹°á‹áˆ‰áˆáŠ•t! ğŸŒºğŸŒº**Address: Dembel City Center 1st flor , Shop No. 124ğŸŒºğŸŒº** â˜˜ï¸unlock_your_natural_beautyâ˜˜ï¸",4000,0911410443,"**Address: Dembel City Center 1st flor , Shop No. 124ğŸŒºğŸŒº**",2025-10-07 12:26:02,@samia_s,https://t.me/Yetal_Search/709,709,2025-10-11 06:27:07
ğŸ‡ğŸ‡ğŸ‡**Restocked** ğŸ‡ğŸ‡ğŸ‡ ğŸ‡**VAGINAL PROBIOTICS __ğŸ‡__**__ __** **VAGINAL PROBIOTICS FOR WOMEN - Our Our v,"ğŸ‡ğŸ‡ğŸ‡**Restocked** ğŸ‡ğŸ‡ğŸ‡ ğŸ‡**VAGINAL PROBIOTICS __ğŸ‡__**__ __** **VAGINAL PROBIOTICS FOR WOMEN - Our Our vaginal health gummies support your pH balance, immune defences and vaginal flora in a delicious way.Enjoy 60 Premium Feminine Balance Gummies In Each Pouch, Crafted For Your Daily Wellness.VivoNu Gummies Are Vegan, Gluten-Free And Halal.comprehensively enhance body immunity PREMIUM NATURAL INGREDIENTS - Provitalize for women,weâ€™ve condensed all the benefits of traditional feminine support supplements into a tasty, convenient form. Our premium women's balancing gummies offer a delicious way to support your pH balance, immune defense and vaginal flora FEMININE CARE: High quality female gummies are rich in vitamin C and high-quality probiotics, which can balance the body's pH value, promote a healthier guide microbiota, and promote a healthier, odor free vagina. â˜˜ï¸â˜˜ï¸**PRICE â˜˜ï¸â˜˜ï¸SIZE ** ğŸ“á‰  **0911410443** á‹­á‹°á‹áˆ‰áˆáŠ•t! ğŸŒºğŸŒº**Address: Dembel City Center 1st flor , Shop No. 124ğŸŒºğŸŒº** â˜˜ï¸unlock_your_natural_beautyâ˜˜ï¸",,0911410443,"**Address: Dembel City Center 1st flor , Shop No. 124ğŸŒºğŸŒº**",2025-10-07 12:26:00,@samia_s,https://t.me/Yetal_Search/703,703,2025-10-11 06:27:07
**ğŸŒº RESTOCKED** **ğŸŒº ** **FLUORIDE FREE WHITENING TOOTHPASTE WITH HYDROXYAPATITE - 1 PK **Say goodbye,"**ğŸŒº RESTOCKED** **ğŸŒº ** **FLUORIDE FREE WHITENING TOOTHPASTE WITH HYDROXYAPATITE - 1 PK **Say goodbye to surface stains and hello to a naturally brighter smile! This fluoride-free formula rebuilds enamel, tackles plaque and strengthens your teeth with the power of hydroxyapatite and natureâ€™s best ingredients for a fresh, clean feel. PRICE: ğŸ“á‰  **0911410443** á‹­á‹°á‹áˆ‰áˆáŠ•! ğŸŒºğŸŒº**Address: Dembel City Center 1st flor , Shop No. 124ğŸŒºğŸŒº** â˜˜ï¸unlock_your_natural_beautyâ˜˜ï¸",,0911410443,"**Address: Dembel City Center 1st flor , Shop No. 124ğŸŒºğŸŒº**",2025-10-07 12:26:00,@samia_s,https://t.me/Yetal_Search/702,702,2025-10-11 06:27:07
ğŸ‡**Mullein Leaf Tea BenefitsğŸ‡** **Mullein Leaf Tea Benefits** If youâ€™re seeking a natural remedy to ,"ğŸ‡**Mullein Leaf Tea BenefitsğŸ‡** **Mullein Leaf Tea Benefits** If youâ€™re seeking a natural remedy to enhance your health, consider indulging in mullein leaf tea. This herbal infusion, derived from the leaves of the mullein plant, is renowned for its medicinal properties and nutritional richness. From respiratory support to skin health, mullein leaf tea offers a plethora of advantages. Letâ€™s explore why incorporating mullein leaf tea into your daily routine can be a beneficial choice for your well-being. â˜˜ï¸Respiratory Support â˜˜ï¸Anti-inflammatory Properties â˜˜ï¸Relief from Digestive Issues â˜˜ï¸Pain Management â˜˜ï¸Skin Health â˜˜ï¸Supports Heart Health â˜˜ï¸â˜˜ï¸**PRICE 8000 â˜˜ï¸â˜˜ï¸SIZE 120Tea Bags ** ** ** ğŸ“á‰  **0911410443** á‹­á‹°á‹áˆ‰áˆáŠ•t! ğŸŒºğŸŒº**Address: Dembel City Center 1st flor , Shop No. 124ğŸŒºğŸŒº** â˜˜ï¸unlock_your_natural_beautyâ˜˜ï¸w",8000,0911410443,"**Address: Dembel City Center 1st flor , Shop No. 124ğŸŒºğŸŒº**",2025-10-07 10:58:26,@samia_s,https://t.me/Yetal_Search/692,692,2025-10-11 06:27:07
ğŸ‡**Raspberry Leaf TeağŸ‡** â˜˜ï¸ RASPBERRY LEAF TEA BAGS WITH HEALTH BENEFITS: Raspberry is renowned for ,"ğŸ‡**Raspberry Leaf TeağŸ‡** â˜˜ï¸ RASPBERRY LEAF TEA BAGS WITH HEALTH BENEFITS: Raspberry is renowned for its high levels of antioxidants. â˜˜ï¸ 100% PURE FROM DRIED RASPBERRY LEAVES: We offer this herb tea in pure, No Blend, No Mix. â˜˜ï¸ A SUSTAINABLE FARMING TO SUPPORT COMMUNITY: Our experienced farmers adopt methods that minimize the environmental impact of agriculture. â˜˜ï¸ RASPBERRY TEA BAS MADE BY A HAND-MADE PROCESS: Raspberry leavess are picked at their flavorful/colorful peak and naturally sun-dried to perfection. â˜˜ï¸ BIODEGRADABLE TEA BAG - NATURAL MATERIAL: Our tea bags are thoughtfully crafted using biodegradable materials, allowing you to enjoy your favorite brew while minimizing your ecological footprint. â˜˜ï¸â˜˜ï¸**PRICE 8000 â˜˜ï¸â˜˜ï¸SIZE 135 Tea Bags ** ** ** ğŸ“á‰  **0911410443** á‹­á‹°á‹áˆ‰áˆáŠ•t! ğŸŒºğŸŒº**Address: Dembel City Center 1st flor , Shop No. 124ğŸŒºğŸŒº** â˜˜ï¸unlock_your_natural_beautyâ˜˜ï¸",8000,0911410443,"**Address: Dembel City Center 1st flor , Shop No. 124ğŸŒºğŸŒº**",2025-10-07 10:58:25,@samia_s,https://t.me/Yetal_Search/686,686,2025-10-11 06:27:07
"ğŸ‡Evening Time Detox Tea** ğŸ‡** FreshDrinkUS Evening Time Detox"" is an herbal tea blend designed for n","ğŸ‡Evening Time Detox Tea** ğŸ‡** FreshDrinkUS Evening Time Detox"" is an herbal tea blend designed for nighttime use, containing ingredients like Senna, peppermint, chamomile, licorice, and ginger, which are traditionally used for relaxation and digestion. it is a caffeine-free, non-GMO, and natural product that supports body balance and a restful night's sleep â˜˜ï¸â˜˜ï¸**PRICE 5500 â˜˜ï¸â˜˜ï¸SIZE 30 Tea Bags ** ** ** ğŸ“á‰  **0911410443** á‹­á‹°á‹áˆ‰áˆáŠ•t! ğŸŒºğŸŒº**Address: Dembel City Center 1st flor , Shop No. 124ğŸŒºğŸŒº** â˜˜ï¸unlock_your_natural_beautyâ˜˜ï¸",5500,0911410443,"**Address: Dembel City Center 1st flor , Shop No. 124ğŸŒºğŸŒº**",2025-10-07 10:58:24,@samia_s,https://t.me/Yetal_Search/680,680,2025-10-11 06:27:07
ğŸ‡**Chromium Picolinate ğŸ‡** **Chromium picolinate** is a mineral supplement that may support blood su,"ğŸ‡**Chromium Picolinate ğŸ‡** **Chromium picolinate** is a mineral supplement that may support blood sugar control and insulin sensitivity, and potentially improve cholesterol levels. It is also sometimes used to assist with weight loss, reduce cravings, and **may have benefits for metabolic syndrome and Polycystic Ovary Syndrome (PCOS).** However, most people can get enough chromium from their diet, and more research is needed to confirm the extent of its benefits for these conditions. â˜˜ï¸â˜˜ï¸**PRICE 3500 â˜˜ï¸â˜˜ï¸SIZE 240 Tablets** ** ** ğŸ“á‰  **0911410443** á‹­á‹°á‹áˆ‰áˆáŠ•t! ğŸŒºğŸŒº**Address: Dembel City Center 1st flor , Shop No. 124ğŸŒºğŸŒº** â˜˜ï¸unlock_your_natural_beautyâ˜˜ï¸",3500,0911410443,"**Address: Dembel City Center 1st flor , Shop No. 124ğŸŒºğŸŒº**",2025-10-07 10:58:24,@samia_s,https://t.me/Yetal_Search/675,675,2025-10-11 06:27:07
"ğŸ‡**Bioactive milk peptides ğŸ‡** Bioactive milk peptides offer a wide range of health benefits, includ","ğŸ‡**Bioactive milk peptides ğŸ‡** Bioactive milk peptides offer a wide range of health benefits, including improving cardiovascular health, lowering blood pressure, and acting as antioxidants. They also contribute to better gut health with anti-microbial and digestive effects, and support the immune system through immunomodulatory actions. Additionally, these peptides are noted for their potential in stress and sleep management, helping with relaxation and promoting restful sleep patterns. Further benefits include potential anti-cancer properties and improvements in bone and metabolic health, with potential roles in regulating blood glucose levels â˜˜ï¸â˜˜ï¸**PRICE 4500 â˜˜ï¸â˜˜ï¸SIZE 30 **Capsules ** ** ğŸ“á‰  **0911410443** á‹­á‹°á‹áˆ‰áˆáŠ•t! ğŸŒºğŸŒº**Address: Dembel City Center 1st flor , Shop No. 124ğŸŒºğŸŒº** â˜˜ï¸unlock_your_natural_beautyâ˜˜ï¸",4500,0911410443,"**Address: Dembel City Center 1st flor , Shop No. 124ğŸŒºğŸŒº**",2025-10-07 10:58:22,@samia_s,https://t.me/Yetal_Search/670,670,2025-10-11 06:27:07
ğŸ‡**Swanson L-Tyrosine ** **ğŸ‡** Help support a healthy mind by feeding your brain Swanson L-Tyrosine!,"ğŸ‡**Swanson L-Tyrosine ** **ğŸ‡** Help support a healthy mind by feeding your brain Swanson L-Tyrosine! A key component of vital brain chemicals, L-tyrosine plays an important role in maintaining healthy mental function. L-tyrosine supports the production of the neurotransmitters norepinephrine and dopamine, both of which may be depleted by stress. Supplementing with L-tyrosine can help restore feelings of focus and mental alertness. â˜˜ï¸â˜˜ï¸**PRICE 5000 â˜˜ï¸â˜˜ï¸SIZE 100 **Capsules ** ** ğŸ“á‰  **0911410443** á‹­á‹°á‹áˆ‰áˆáŠ•t! ğŸŒºğŸŒº**Address: Dembel City Center 1st flor , Shop No. 124ğŸŒºğŸŒº** â˜˜ï¸unlock_your_natural_beautyâ˜˜ï¸",5000,0911410443,"**Address: Dembel City Center 1st flor , Shop No. 124ğŸŒºğŸŒº**",2025-10-07 10:58:22,@samia_s,https://t.me/Yetal_Search/668,668,2025-10-11 06:27:07
ğŸ‡**N-acetylcysteine (NAC) ** **ğŸ‡** **Nutricost's NAC supplement uses the N-acetylcysteine (NAC) **in,"ğŸ‡**N-acetylcysteine (NAC) ** **ğŸ‡** **Nutricost's NAC supplement uses the N-acetylcysteine (NAC) **ingredient to provide powerful antioxidant and anti-inflammatory benefits, supporting cellular health by increasing glutathione production to neutralize free radicals. Users take Nutricost NAC for general health support, including immune function, as well as for specific uses such as reducing mucus in lung conditions, supporting detoxification and liver health, and helping with symptoms of certain mental health disorders like OCD and depression. â˜˜ï¸â˜˜ï¸**PRICE 5000 â˜˜ï¸â˜˜ï¸SIZE 120 **Capsules ** ** ğŸ“á‰  **0911410443** á‹­á‹°á‹áˆ‰áˆáŠ•t! ğŸŒºğŸŒº**Address: Dembel City Center 1st flor , Shop No. 124ğŸŒºğŸŒº** â˜˜ï¸unlock_your_natural_beautyâ˜˜ï¸",5000,0911410443,"**Address: Dembel City Center 1st flor , Shop No. 124ğŸŒºğŸŒº**",2025-10-07 10:58:21,@samia_s,https://t.me/Yetal_Search/664,664,2025-10-11 06:27:07
ğŸ‡**KERILL OIL** **ğŸ‡** Micro Ingredients Antarctic Krill Oil with Omega 3- 300 softgels Krill oil ben,"ğŸ‡**KERILL OIL** **ğŸ‡** Micro Ingredients Antarctic Krill Oil with Omega 3- 300 softgels Krill oil benefits include supporting heart and brain health, its potent anti-inflammatory and antioxidant properties, and potential relief from premenstrual syndrome (PMS) symptoms and dry eyes. Rich in omega-3s (EPA and DHA), the phospholipid structure of krill oil offers high bioavailability, while its natural astaxanthin provides antioxidant and anti-inflammatory effects that may improve [cholesterol levels](https://www.google.com/search?sca_esv=6d56a4b81d83c992&rlz=1CDGOYI_enET1076ET1076&hl=en-US&cs=0&sxsrf=AE3TifNOiBTXicTw5KFjaQR0JHn2L0MiBg%3A1759738597579&q=cholesterol+levels&sa=X&ved=2ahUKEwjEiYePkY-QAxXcQ6QEHYDQKWwQxccNegQIBRAB&mstk=AUtExfCc9bjFEfEZ0blLqazTFwMa52kgA95LF8igz7HsX6bKQfyRYtMl-77rIMI5HjsuR10ELYTMu-h3NS7PKcfUjV7o_Vkl0xCEdQfy82QUV4NqmHcg7yozR_v8t3Ngejb9-C2s2M0H3L-9YnXWIejAUsg_WpkzxLS7uuoupSXDk4m-Lrn6yK08KlEKDxJnJoPMVHgWDjCnOIk-mQCdb04kMJfyYS_x7KIXwokm11BjfuSdrSv4LEqwlqbRDko-Rk7R9wmMs8K4YnTeprwvZ0yU0cVr&csui=3) and protect against cell damage. â˜˜ï¸â˜˜ï¸**PRICE 10,500 â˜˜ï¸â˜˜ï¸SIZE 300 softgels ** ğŸ“á‰  **0911410443** á‹­á‹°á‹áˆ‰áˆáŠ•t! ğŸŒºğŸŒº**Address: Dembel City Center 1st flor , Shop No. 124ğŸŒºğŸŒº** â˜˜ï¸unlock_your_natural_beautyâ˜˜ï¸",10500,0911410443,"**Address: Dembel City Center 1st flor , Shop No. 124ğŸŒºğŸŒº**",2025-10-07 10:58:20,@samia_s,https://t.me/Yetal_Search/660,660,2025-10-11 06:27:07
"ğŸ‡**Glutathione 500 mgğŸ‡** ** **NOW Foods Supplements, Glutathione 500 mg, With Milk Thistle Extract &","ğŸ‡**Glutathione 500 mgğŸ‡** ** **NOW Foods Supplements, Glutathione 500 mg, With Milk Thistle Extract & Alpha Lipoic Acid, Free Radical Neutralizer*, 60 Veg Capsules â˜˜ï¸â˜˜ï¸**PRICE â˜˜ï¸â˜˜ï¸SIZE 60** **Capsule** ** ** ğŸ“á‰  **0911410443** á‹­á‹°á‹áˆ‰áˆáŠ•t! ğŸŒºğŸŒº**Address: Dembel City Center 1st flor , Shop No. 124ğŸŒºğŸŒº** â˜˜ï¸unlock_your_natural_beautyâ˜˜ï¸",,0911410443,"**Address: Dembel City Center 1st flor , Shop No. 124ğŸŒºğŸŒº**",2025-10-07 10:58:20,@samia_s,https://t.me/Yetal_Search/657,657,2025-10-11 06:27:07
ğŸ‡**Montale Chocolate Greedy ğŸ‡** ** **Lovers of gourmand fragrances will delight at the smell of the ,"ğŸ‡**Montale Chocolate Greedy ğŸ‡** ** **Lovers of gourmand fragrances will delight at the smell of the Chocolate Greedy eau de parfum from Montale. With each spray, you'll immerse yourself in a mouth-watering world of orange, cacao cream and vanilla â€“ essentially, you'll be presented with the perfect opportunity to smell like your favourite pleasure: a rich, ganache-filled truffle. â˜˜ï¸â˜˜ï¸**PRICE â˜˜ï¸â˜˜ï¸SIZE 100 ML ** ğŸ“á‰  **0911410443** á‹­á‹°á‹áˆ‰áˆáŠ•t! ğŸŒºğŸŒº**Address: Dembel City Center 1st flor , Shop No. 124ğŸŒºğŸŒº** â˜˜ï¸unlock_your_natural_beautyâ˜˜ï¸",,0911410443,"**Address: Dembel City Center 1st flor , Shop No. 124ğŸŒºğŸŒº**",2025-10-07 10:58:19,@samia_s,https://t.me/Yetal_Search/654,654,2025-10-11 06:27:07
